game_id,season,game_type,game_date,weekday,gametime,away_team,away_score,home_team,home_score,result,overtime,arena
2022_0001_ATL_CHA,2022-23,REG,2022-10-18,Tuesday,19:00,CHA,99,ATL,118,19,0,
2022_0002_ATL_CHA,2022-23,REG,2022-10-18,Tuesday,19:00,CHA,121,ATL,117,-4,0,
2022_0003_ATL_MIA,2022-23,REG,2022-10-18,Tuesday,19:00,MIA,125,ATL,100,-25,0,
2022_0004_ATL_MIA,2022-23,REG,2022-10-18,Tuesday,22:00,MIA,118,ATL,122,4,0,
2022_0005_ATL_ORL,2022-23,REG,2022-10-18,Tuesday,19:30,ORL,130,ATL,116,-14,0,
2022_0006_ATL_ORL,2022-23,REG,2022-10-18,Tuesday,22:00,ORL,104,ATL,105,1,0,
2022_0007_ATL_WAS,2022-23,REG,2022-10-18,Tuesday,19:30,WAS,118,ATL,118,0,0,
2022_0008_ATL_WAS,2022-23,REG,2022-10-19,Wednesday,19:00,WAS,115,ATL,129,14,0,
2022_0009_CHA_ATL,2022-23,REG,2022-10-19,Wednesday,19:00,ATL,126,CHA,130,4,0,
2022_0010_CHA_ATL,2022-23,REG,2022-10-19,Wednesday,19:30,ATL,122,CHA,96,-26,0,
2022_0011_CHA_MIA,2022-23,REG,2022-10-19,Wednesday,19:00,MIA,95,CHA,107,12,0,
2022_0012_CHA_MIA,2022-23,REG,2022-10-19,Wednesday,19:00,MIA,104,CHA,104,0,0,
2022_0013_CHA_ORL,2022-23,REG,2022-10-19,Wednesday,22:00,ORL,109,CHA,106,-3,0,
2022_0014_CHA_ORL,2022-23,REG,2022-10-20,Thursday,19:00,ORL,104,CHA,117,13,0,
2022_0015_CHA_WAS,2022-23,REG,2022-10-20,Thursday,19:00,WAS,123,CHA,129,6,0,
2022_0016_CHA_WAS,2022-23,REG,2022-10-20,Thursday,19:00,WAS,126,CHA,128,2,0,
2022_0017_MIA_ATL,2022-23,REG,2022-10-20,Thursday,19:00,ATL,117,MIA,107,-10,0,
2022_0018_MIA_ATL,2022-23,REG,2022-10-20,Thursday,19:00,ATL,114,MIA,121,7,0,
2022_0019_MIA_CHA,2022-23,REG,2022-10-20,Thursday,22:00,CHA,105,MIA,126,21,0,
2022_0020_MIA_CHA,2022-23,REG,2022-10-20,Thursday,22:00,CHA,128,MIA,121,-7,0,
2022_0021_MIA_ORL,2022-23,REG,2022-10-20,Thursday,22:00,ORL,126,MIA,114,-12,0,
2022_0022_MIA_ORL,2022-23,REG,2022-10-20,Thursday,19:00,ORL,121,MIA,112,-9,0,
2022_0023_MIA_WAS,2022-23,REG,2022-10-20,Thursday,19:00,WAS,118,MIA,112,-6,0,
2022_0024_MIA_WAS,2022-23,REG,2022-10-20,Thursday,19:00,WAS,97,MIA,115,18,0,
2022_0025_ORL_ATL,2022-23,REG,2022-10-20,Thursday,22:00,ATL,104,ORL,124,20,0,
2022_0026_ORL_ATL,2022-23,REG,2022-10-20,Thursday,19:00,ATL,110,ORL,128,18,0,
2022_0027_ORL_CHA,2022-23,REG,2022-10-21,Friday,22:00,CHA,95,ORL,101,6,0,
2022_0028_ORL_CHA,2022-23,REG,2022-10-21,Friday,19:00,CHA,130,ORL,102,-28,0,
2022_0029_ORL_MIA,2022-23,REG,2022-10-21,Friday,19:30,MIA,98,ORL,117,19,0,
2022_0030_ORL_MIA,2022-23,REG,2022-10-21,Friday,22:00,MIA,129,ORL,128,-1,1,
2022_0031_ORL_WAS,2022-23,REG,2022-10-21,Friday,19:30,WAS,125,ORL,129,4,0,
2022_0032_ORL_WAS,2022-23,REG,2022-10-22,Saturday,19:00,WAS,120,ORL,115,-5,0,
2022_0033_WAS_ATL,2022-23,REG,2022-10-22,Saturday,22:00,ATL,117,WAS,114,-3,0,
2022_0034_WAS_ATL,2022-23,REG,2022-10-22,Saturday,22:00,ATL,129,WAS,116,-13,0,
2022_0035_WAS_CHA,2022-23,REG,2022-10-22,Saturday,19:00,CHA,95,WAS,102,7,0,
2022_0036_WAS_CHA,2022-23,REG,2022-10-23,Sunday,19:30,CHA,128,WAS,115,-13,0,
2022_0037_WAS_MIA,2022-23,REG,2022-10-23,Sunday,15:00,MIA,101,WAS,95,-6,0,
2022_0038_WAS_MIA,2022-23,REG,2022-10-23,Sunday,19:30,MIA,130,WAS,95,-35,0,
2022_0039_WAS_ORL,2022-23,REG,2022-10-23,Sunday,19:30,ORL,121,WAS,130,9,0,
2022_0040_WAS_ORL,2022-23,REG,2022-10-23,Sunday,15:00,ORL,126,WAS,126,0,0,
2022_0041_BKN_BOS,2022-23,REG,2022-10-23,Sunday,19:30,BOS,111,BKN,111,0,0,
2022_0042_BKN_BOS,2022-23,REG,2022-10-23,Sunday,15:00,BOS,108,BKN,100,-8,0,
2022_0043_BKN_NYK,2022-23,REG,2022-10-23,Sunday,17:00,NYK,129,BKN,123,-6,0,
2022_0044_BKN_NYK,2022-23,REG,2022-10-23,Sunday,19:30,NYK,122,BKN,130,8,0,
2022_0045_BKN_PHI,2022-23,REG,2022-10-23,Sunday,19:30,PHI,107,BKN,119,12,0,
2022_0046_BKN_PHI,2022-23,REG,2022-10-23,Sunday,15:00,PHI,113,BKN,119,6,0,
2022_0047_BKN_TOR,2022-23,REG,2022-10-24,Monday,22:00,TOR,116,BKN,119,3,0,
2022_0048_BKN_TOR,2022-23,REG,2022-10-24,Monday,22:00,TOR,109,BKN,109,0,0,
2022_0049_BOS_BKN,2022-23,REG,2022-10-24,Monday,19:00,BKN,123,BOS,123,0,0,
2022_0050_BOS_BKN,2022-23,REG,2022-10-24,Monday,19:00,BKN,109,BOS,121,12,0,
2022_0051_BOS_NYK,2022-23,REG,2022-10-25,Tuesday,22:00,NYK,125,BOS,107,-18,0,
2022_0052_BOS_NYK,2022-23,REG,2022-10-25,Tuesday,19:00,NYK,104,BOS,104,0,0,
2022_0053_BOS_PHI,2022-23,REG,2022-10-25,Tuesday,19:00,PHI,105,BOS,122,17,0,
2022_0054_BOS_PHI,2022-23,REG,2022-10-25,Tuesday,19:00,PHI,102,BOS,127,25,0,
2022_0055_BOS_TOR,2022-23,REG,2022-10-26,Wednesday,19:00,TOR,117,BOS,99,-18,0,
2022_0056_BOS_TOR,2022-23,REG,2022-10-26,Wednesday,19:00,TOR,106,BOS,95,-11,0,
2022_0057_NYK_BKN,2022-23,REG,2022-10-26,Wednesday,19:00,BKN,126,NYK,108,-18,0,
2022_0058_NYK_BKN,2022-23,REG,2022-10-26,Wednesday,22:00,BKN,108,NYK,113,5,0,
2022_0059_NYK_BOS,2022-23,REG,2022-10-26,Wednesday,22:00,BOS,126,NYK,130,4,0,
2022_0060_NYK_BOS,2022-23,REG,2022-10-26,Wednesday,19:00,BOS,113,NYK,110,-3,0,
2022_0061_NYK_PHI,2022-23,REG,2022-10-26,Wednesday,22:00,PHI,115,NYK,98,-17,0,
2022_0062_NYK_PHI,2022-23,REG,2022-10-26,Wednesday,19:30,PHI,102,NYK,105,3,0,
2022_0063_NYK_TOR,2022-23,REG,2022-10-27,Thursday,19:00,TOR,115,NYK,95,-20,0,
2022_0064_NYK_TOR,2022-23,REG,2022-10-27,Thursday,19:00,TOR,111,NYK,95,-16,0,
2022_0065_PHI_BKN,2022-23,REG,2022-10-27,Thursday,19:00,BKN,103,PHI,125,22,0,
2022_0066_PHI_BKN,2022-23,REG,2022-10-27,Thursday,19:00,BKN,96,PHI,121,25,0,
2022_0067_PHI_BOS,2022-23,REG,2022-10-27,Thursday,22:00,BOS,122,PHI,125,3,0,
2022_0068_PHI_BOS,2022-23,REG,2022-10-28,Friday,22:00,BOS,112,PHI,99,-13,0,
2022_0069_PHI_NYK,2022-23,REG,2022-10-28,Friday,19:00,NYK,126,PHI,117,-9,0,
2022_0070_PHI_NYK,2022-23,REG,2022-10-28,Friday,22:00,NYK,110,PHI,123,13,0,
2022_0071_PHI_TOR,2022-23,REG,2022-10-28,Friday,19:00,TOR,119,PHI,121,2,1,
2022_0072_PHI_TOR,2022-23,REG,2022-10-28,Friday,19:00,TOR,115,PHI,129,14,0,
2022_0073_TOR_BKN,2022-23,REG,2022-10-28,Friday,19:00,BKN,130,TOR,102,-28,0,
2022_0074_TOR_BKN,2022-23,REG,2022-10-29,Saturday,19:00,BKN,123,TOR,100,-23,0,
2022_0075_TOR_BOS,2022-23,REG,2022-10-29,Saturday,22:30,BOS,126,TOR,114,-12,0,
2022_0076_TOR_BOS,2022-23,REG,2022-10-29,Saturday,19:30,BOS,119,TOR,109,-10,0,
2022_0077_TOR_NYK,2022-23,REG,2022-10-29,Saturday,19:30,NYK,118,TOR,122,4,0,
2022_0078_TOR_NYK,2022-23,REG,2022-10-29,Saturday,19:00,NYK,123,TOR,108,-15,0,
2022_0079_TOR_PHI,2022-23,REG,2022-10-29,Saturday,19:00,PHI,128,TOR,128,0,0,
2022_0080_TOR_PHI,2022-23,REG,2022-10-29,Saturday,22:30,PHI,114,TOR,123,9,0,
2022_0081_CHI_CLE,2022-23,REG,2022-10-29,Saturday,22:30,CLE,117,CHI,127,10,0,
2022_0082_CHI_CLE,2022-23,REG,2022-10-29,Saturday,22:30,CLE,123,CHI,118,-5,0,
2022_0083_CHI_DET,2022-23,REG,2022-10-29,Saturday,22:00,DET,110,CHI,102,-8,0,
2022_0084_CHI_DET,2022-23,REG,2022-10-30,Sunday,17:00,DET,129,CHI,102,-27,0,
2022_0085_CHI_IND,2022-23,REG,2022-10-30,Sunday,17:00,IND,111,CHI,111,0,0,
2022_0086_CHI_IND,2022-23,REG,2022-10-30,Sunday,15:00,IND,99,CHI,119,20,0,
2022_0087_CHI_MIL,2022-23,REG,2022-10-30,Sunday,17:00,MIL,110,CHI,122,12,0,
2022_0088_CHI_MIL,2022-23,REG,2022-10-30,Sunday,17:00,MIL,106,CHI,115,9,0,
2022_0089_CLE_CHI,2022-23,REG,2022-10-30,Sunday,15:00,CHI,125,CLE,116,-9,0,
2022_0090_CLE_CHI,2022-23,REG,2022-10-30,Sunday,19:30,CHI,125,CLE,111,-14,0,
2022_0091_CLE_DET,2022-23,REG,2022-10-30,Sunday,19:30,DET,125,CLE,125,0,0,
2022_0092_CLE_DET,2022-23,REG,2022-10-30,Sunday,19:30,DET,105,CLE,123,18,0,
2022_0093_CLE_IND,2022-23,REG,2022-10-30,Sunday,15:00,IND,104,CLE,100,-4,0,
2022_0094_CLE_IND,2022-23,REG,2022-10-31,Monday,19:00,IND,127,CLE,109,-18,0,
2022_0095_CLE_MIL,2022-23,REG,2022-10-31,Monday,19:00,MIL,127,CLE,112,-15,0,
2022_0096_CLE_MIL,2022-23,REG,2022-10-31,Monday,19:00,MIL,123,CLE,124,1,0,
2022_0097_DET_CHI,2022-23,REG,2022-10-31,Monday,19:00,CHI,100,DET,99,-1,0,
2022_0098_DET_CHI,2022-23,REG,2022-10-31,Monday,19:00,CHI,125,DET,128,3,0,
2022_0099_DET_CLE,2022-23,REG,2022-10-31,Monday,19:00,CLE,129,DET,126,-3,0,
2022_0100_DET_CLE,2022-23,REG,2022-11-01,Tuesday,19:30,CLE,103,DET,109,6,0,
2022_0101_DET_IND,2022-23,REG,2022-11-01,Tuesday,22:00,IND,97,DET,106,9,0,
2022_0102_DET_IND,2022-23,REG,2022-11-01,Tuesday,19:30,IND,98,DET,96,-2,0,
2022_0103_DET_MIL,2022-23,REG,2022-11-01,Tuesday,19:00,MIL,115,DET,95,-20,0,
2022_0104_DET_MIL,2022-23,REG,2022-11-01,Tuesday,19:00,MIL,117,DET,113,-4,0,
2022_0105_IND_CHI,2022-23,REG,2022-11-01,Tuesday,19:00,CHI,123,IND,102,-21,0,
2022_0106_IND_CHI,2022-23,REG,2022-11-01,Tuesday,22:00,CHI,119,IND,109,-10,0,
2022_0107_IND_CLE,2022-23,REG,2022-11-01,Tuesday,22:00,CLE,130,IND,115,-15,0,
2022_0108_IND_CLE,2022-23,REG,2022-11-01,Tuesday,19:00,CLE,113,IND,118,5,0,
2022_0109_IND_DET,2022-23,REG,2022-11-01,Tuesday,19:30,DET,115,IND,97,-18,0,
2022_0110_IND_DET,2022-23,REG,2022-11-02,Wednesday,22:00,DET,109,IND,99,-10,0,
2022_0111_IND_MIL,2022-23,REG,2022-11-02,Wednesday,19:30,MIL,114,IND,112,-2,0,
2022_0112_IND_MIL,2022-23,REG,2022-11-02,Wednesday,19:00,MIL,121,IND,113,-8,0,
2022_0113_MIL_CHI,2022-23,REG,2022-11-02,Wednesday,19:00,CHI,125,MIL,103,-22,0,
2022_0114_MIL_CHI,2022-23,REG,2022-11-02,Wednesday,19:00,CHI,103,MIL,101,-2,0,
2022_0115_MIL_CLE,2022-23,REG,2022-11-02,Wednesday,19:30,CLE,110,MIL,109,-1,0,
2022_0116_MIL_CLE,2022-23,REG,2022-11-02,Wednesday,22:00,CLE,121,MIL,98,-23,0,
2022_0117_MIL_DET,2022-23,REG,2022-11-03,Thursday,19:00,DET,110,MIL,116,6,0,
2022_0118_MIL_DET,2022-23,REG,2022-11-03,Thursday,19:00,DET,118,MIL,107,-11,0,
2022_0119_MIL_IND,2022-23,REG,2022-11-03,Thursday,19:00,IND,118,MIL,107,-11,0,
2022_0120_MIL_IND,2022-23,REG,2022-11-03,Thursday,19:00,IND,115,MIL,125,10,0,
2022_0121_DAL_HOU,2022-23,REG,2022-11-03,Thursday,19:00,HOU,96,DAL,129,33,0,
2022_0122_DAL_HOU,2022-23,REG,2022-11-03,Thursday,19:00,HOU,105,DAL,120,15,0,
2022_0123_DAL_MEM,2022-23,REG,2022-11-04,Friday,19:30,MEM,106,DAL,127,21,0,
2022_0124_DAL_MEM,2022-23,REG,2022-11-04,Friday,19:00,MEM,120,DAL,102,-18,0,
2022_0125_DAL_NOP,2022-23,REG,2022-11-04,Friday,19:00,NOP,128,DAL,95,-33,0,
2022_0126_DAL_NOP,2022-23,REG,2022-11-04,Friday,19:00,NOP,130,DAL,126,-4,0,
2022_0127_DAL_SAS,2022-23,REG,2022-11-04,Friday,19:00,SAS,115,DAL,126,11,0,
2022_0128_DAL_SAS,2022-23,REG,2022-11-04,Friday,22:00,SAS,127,DAL,125,-2,0,
2022_0129_HOU_DAL,2022-23,REG,2022-11-04,Friday,22:00,DAL,104,HOU,130,26,0,
2022_0130_HOU_DAL,2022-23,REG,2022-11-04,Friday,19:00,DAL,107,HOU,125,18,0,
2022_0131_HOU_MEM,2022-23,REG,2022-11-04,Friday,19:00,MEM,122,HOU,124,2,0,
2022_0132_HOU_MEM,2022-23,REG,2022-11-04,Friday,19:00,MEM,124,HOU,125,1,0,
2022_0133_HOU_NOP,2022-23,REG,2022-11-05,Saturday,19:30,NOP,110,HOU,127,17,0,
2022_0134_HOU_NOP,2022-23,REG,2022-11-05,Saturday,22:00,NOP,119,HOU,122,3,0,
2022_0135_HOU_SAS,2022-23,REG,2022-11-05,Saturday,19:30,SAS,126,HOU,126,0,0,
2022_0136_HOU_SAS,2022-23,REG,2022-11-05,Saturday,19:00,SAS,116,HOU,115,-1,0,
2022_0137_MEM_DAL,2022-23,REG,2022-11-05,Saturday,22:30,DAL,113,MEM,98,-15,0,
2022_0138_MEM_DAL,2022-23,REG,2022-11-05,Saturday,19:30,DAL,118,MEM,112,-6,0,
2022_0139_MEM_HOU,2022-23,REG,2022-11-05,Saturday,22:00,HOU,123,MEM,97,-26,0,
2022_0140_MEM_HOU,2022-23,REG,2022-11-05,Saturday,19:30,HOU,120,MEM,103,-17,0,
2022_0141_MEM_NOP,2022-23,REG,2022-11-05,Saturday,19:00,NOP,96,MEM,105,9,0,
2022_0142_MEM_NOP,2022-23,REG,2022-11-06,Sunday,15:00,NOP,96,MEM,100,4,0,
2022_0143_MEM_SAS,2022-23,REG,2022-11-06,Sunday,15:00,SAS,109,MEM,123,14,0,
2022_0144_MEM_SAS,2022-23,REG,2022-11-06,Sunday,17:00,SAS,104,MEM,106,2,0,
2022_0145_NOP_DAL,2022-23,REG,2022-11-07,Monday,19:00,DAL,123,NOP,104,-19,0,
2022_0146_NOP_DAL,2022-23,REG,2022-11-07,Monday,19:00,DAL,105,NOP,128,23,0,
2022_0147_NOP_HOU,2022-23,REG,2022-11-07,Monday,19:00,HOU,113,NOP,117,4,0,
2022_0148_NOP_HOU,2022-23,REG,2022-11-07,Monday,19:00,HOU,110,NOP,119,9,0,
2022_0149_NOP_MEM,2022-23,REG,2022-11-07,Monday,22:00,MEM,116,NOP,96,-20,0,
2022_0150_NOP_MEM,2022-23,REG,2022-11-08,Tuesday,22:00,MEM,100,NOP,114,14,0,
2022_0151_NOP_SAS,2022-23,REG,2022-11-08,Tuesday,22:00,SAS,122,NOP,117,-5,0,
2022_0152_NOP_SAS,2022-23,REG,2022-11-08,Tuesday,22:00,SAS,102,NOP,126,24,0,
2022_0153_SAS_DAL,2022-23,REG,2022-11-08,Tuesday,19:00,DAL,124,SAS,99,-25,0,
2022_0154_SAS_DAL,2022-23,REG,2022-11-08,Tuesday,19:00,DAL,115,SAS,123,8,0,
2022_0155_SAS_HOU,2022-23,REG,2022-11-08,Tuesday,19:30,HOU,130,SAS,108,-22,0,
2022_0156_SAS_HOU,2022-23,REG,2022-11-08,Tuesday,19:30,HOU,105,SAS,123,18,0,
2022_0157_SAS_MEM,2022-23,REG,2022-11-08,Tuesday,19:00,MEM,115,SAS,112,-3,0,
2022_0158_SAS_MEM,2022-23,REG,2022-11-08,Tuesday,19:30,MEM,124,SAS,130,6,0,
2022_0159_SAS_NOP,2022-23,REG,2022-11-09,Wednesday,19:00,NOP,127,SAS,97,-30,0,
2022_0160_SAS_NOP,2022-23,REG,2022-11-09,Wednesday,19:30,NOP,114,SAS,127,13,0,
2022_0161_DEN_MIN,2022-23,REG,2022-11-09,Wednesday,19:00,MIN,126,DEN,95,-31,0,
2022_0162_DEN_MIN,2022-23,REG,2022-11-09,Wednesday,22:00,MIN,115,DEN,116,1,0,
2022_0163_DEN_OKC,2022-23,REG,2022-11-10,Thursday,22:00,OKC,95,DEN,130,35,0,
2022_0164_DEN_OKC,2022-23,REG,2022-11-10,Thursday,22:00,OKC,107,DEN,118,11,0,
2022_0165_DEN_POR,2022-23,REG,2022-11-10,Thursday,19:00,POR,116,DEN,120,4,0,
2022_0166_DEN_POR,2022-23,REG,2022-11-10,Thursday,19:00,POR,104,DEN,125,21,0,
2022_0167_DEN_UTA,2022-23,REG,2022-11-10,Thursday,19:00,UTA,128,DEN,122,-6,0,
2022_0168_DEN_UTA,2022-23,REG,2022-11-10,Thursday,19:00,UTA,118,DEN,108,-10,0,
2022_0169_MIN_DEN,2022-23,REG,2022-11-10,Thursday,22:00,DEN,124,MIN,97,-27,0,
2022_0170_MIN_DEN,2022-23,REG,2022-11-10,Thursday,19:00,DEN,117,MIN,96,-21,0,
2022_0171_MIN_OKC,2022-23,REG,2022-11-11,Friday,19:00,OKC,107,MIN,100,-7,0,
2022_0172_MIN_OKC,2022-23,REG,2022-11-11,Friday,19:00,OKC,121,MIN,97,-24,0,
2022_0173_MIN_POR,2022-23,REG,2022-11-11,Friday,22:00,POR,123,MIN,121,-2,0,
2022_0174_MIN_POR,2022-23,REG,2022-11-11,Friday,19:00,POR,129,MIN,103,-26,0,
2022_0175_MIN_UTA,2022-23,REG,2022-11-12,Saturday,22:30,UTA,115,MIN,101,-14,0,
2022_0176_MIN_UTA,2022-23,REG,2022-11-12,Saturday,19:30,UTA,130,MIN,119,-11,0,
2022_0177_OKC_DEN,2022-23,REG,2022-11-12,Saturday,22:00,DEN,130,OKC,110,-20,0,
2022_0178_OKC_DEN,2022-23,REG,2022-11-12,Saturday,19:30,DEN,96,OKC,123,27,0,
2022_0179_OKC_MIN,2022-23,REG,2022-11-13,Sunday,17:00,MIN,125,OKC,106,-19,0,
2022_0180_OKC_MIN,2022-23,REG,2022-11-13,Sunday,19:30,MIN,116,OKC,128,12,0,
2022_0181_OKC_POR,2022-23,REG,2022-11-13,Sunday,19:30,POR,123,OKC,109,-14,0,
2022_0182_OKC_POR,2022-23,REG,2022-11-13,Sunday,15:00,POR,104,OKC,130,26,0,
2022_0183_OKC_UTA,2022-23,REG,2022-11-13,Sunday,19:30,UTA,113,OKC,102,-11,0,
2022_0184_OKC_UTA,2022-23,REG,2022-11-13,Sunday,17:00,UTA,114,OKC,105,-9,0,
2022_0185_POR_DEN,2022-23,REG,2022-11-13,Sunday,17:00,DEN,109,POR,100,-9,0,
2022_0186_POR_DEN,2022-23,REG,2022-11-13,Sunday,17:00,DEN,101,POR,125,24,0,
2022_0187_POR_MIN,2022-23,REG,2022-11-13,Sunday,17:00,MIN,110,POR,125,15,0,
2022_0188_POR_MIN,2022-23,REG,2022-11-14,Monday,19:00,MIN,122,POR,95,-27,0,
2022_0189_POR_OKC,2022-23,REG,2022-11-14,Monday,22:00,OKC,97,POR,107,10,0,
2022_0190_POR_OKC,2022-23,REG,2022-11-14,Monday,19:00,OKC,118,POR,128,10,0,
2022_0191_POR_UTA,2022-23,REG,2022-11-14,Monday,19:00,UTA,108,POR,128,20,0,
2022_0192_POR_UTA,2022-23,REG,2022-11-14,Monday,19:00,UTA,121,POR,97,-24,0,
2022_0193_UTA_DEN,2022-23,REG,2022-11-14,Monday,19:00,DEN,111,UTA,130,19,0,
2022_0194_UTA_DEN,2022-23,REG,2022-11-14,Monday,19:00,DEN,108,UTA,127,19,0,
2022_0195_UTA_MIN,2022-23,REG,2022-11-15,Tuesday,19:30,MIN,128,UTA,122,-6,0,
2022_0196_UTA_MIN,2022-23,REG,2022-11-15,Tuesday,22:00,MIN,122,UTA,102,-20,0,
2022_0197_UTA_OKC,2022-23,REG,2022-11-15,Tuesday,19:30,OKC,105,UTA,123,18,0,
2022_0198_UTA_OKC,2022-23,REG,2022-11-15,Tuesday,22:00,OKC,129,UTA,107,-22,0,
2022_0199_UTA_POR,2022-23,REG,2022-11-15,Tuesday,19:00,POR,122,UTA,120,-2,0,
2022_0200_UTA_POR,2022-23,REG,2022-11-15,Tuesday,19:00,POR,97,UTA,121,24,0,
2022_0201_GSW_LAC,2022-23,REG,2022-11-15,Tuesday,19:30,LAC,125,GSW,120,-5,0,
2022_0202_GSW_LAC,2022-23,REG,2022-11-16,Wednesday,22:00,LAC,118,GSW,125,7,0,
2022_0203_GSW_LAL,2022-23,REG,2022-11-16,Wednesday,19:00,LAL,117,GSW,117,0,0,
2022_0204_GSW_LAL,2022-23,REG,2022-11-16,Wednesday,19:00,LAL,115,GSW,110,-5,0,
2022_0205_GSW_PHX,2022-23,REG,2022-11-16,Wednesday,22:00,PHX,101,GSW,113,12,0,
2022_0206_GSW_PHX,2022-23,REG,2022-11-16,Wednesday,22:00,PHX,115,GSW,95,-20,0,
2022_0207_GSW_SAC,2022-23,REG,2022-11-16,Wednesday,19:00,SAC,125,GSW,123,-2,0,
2022_0208_GSW_SAC,2022-23,REG,2022-11-16,Wednesday,19:30,SAC,117,GSW,103,-14,0,
2022_0209_LAC_GSW,2022-23,REG,2022-11-16,Wednesday,19:30,GSW,113,LAC,95,-18,0,
2022_0210_LAC_GSW,2022-23,REG,2022-11-16,Wednesday,19:00,GSW,106,LAC,97,-9,0,
2022_0211_LAC_LAL,2022-23,REG,2022-11-17,Thursday,19:00,LAL,129,LAC,116,-13,0,
2022_0212_LAC_LAL,2022-23,REG,2022-11-17,Thursday,22:00,LAL,130,LAC,127,-3,1,
2022_0213_LAC_PHX,2022-23,REG,2022-11-17,Thursday,22:00,PHX,115,LAC,129,14,0,
2022_0214_LAC_PHX,2022-23,REG,2022-11-17,Thursday,22:00,PHX,128,LAC,115,-13,0,
2022_0215_LAC_SAC,2022-23,REG,2022-11-17,Thursday,19:00,SAC,104,LAC,123,19,0,
2022_0216_LAC_SAC,2022-23,REG,2022-11-18,Friday,22:00,SAC,116,LAC,108,-8,0,
2022_0217_LAL_GSW,2022-23,REG,2022-11-18,Friday,19:00,GSW,127,LAL,126,-1,0,
2022_0218_LAL_GSW,2022-23,REG,2022-11-18,Friday,19:00,GSW,125,LAL,118,-7,0,
2022_0219_LAL_LAC,2022-23,REG,2022-11-18,Friday,22:00,LAC,97,LAL,104,7,0,
2022_0220_LAL_LAC,2022-23,REG,2022-11-18,Friday,19:30,LAC,96,LAL,128,32,0,
2022_0221_LAL_PHX,2022-23,REG,2022-11-18,Friday,22:00,PHX,113,LAL,104,-9,0,
2022_0222_LAL_PHX,2022-23,REG,2022-11-18,Friday,19:30,PHX,96,LAL,102,6,0,
2022_0223_LAL_SAC,2022-23,REG,2022-11-18,Friday,19:00,SAC,100,LAL,113,13,0,
2022_0224_LAL_SAC,2022-23,REG,2022-11-19,Saturday,22:00,SAC,98,LAL,118,20,0,
2022_0225_PHX_GSW,2022-23,REG,2022-11-19,Saturday,19:00,GSW,114,PHX,124,10,0,
2022_0226_PHX_GSW,2022-23,REG,2022-11-19,Saturday,22:30,GSW,102,PHX,110,8,0,
2022_0227_PHX_LAC,2022-23,REG,2022-11-19,Saturday,19:30,LAC,119,PHX,120,1,1,
2022_0228_PHX_LAC,2022-23,REG,2022-11-19,Saturday,19:30,LAC,122,PHX,102,-20,0,
2022_0229_PHX_LAL,2022-23,REG,2022-11-20,Sunday,15:00,LAL,100,PHX,102,2,0,
2022_0230_PHX_LAL,2022-23,REG,2022-11-20,Sunday,17:00,LAL,119,PHX,118,-1,0,
2022_0231_PHX_SAC,2022-23,REG,2022-11-20,Sunday,17:00,SAC,109,PHX,100,-9,0,
2022_0232_PHX_SAC,2022-23,REG,2022-11-20,Sunday,17:00,SAC,96,PHX,113,17,0,
2022_0233_SAC_GSW,2022-23,REG,2022-11-20,Sunday,17:00,GSW,123,SAC,112,-11,0,
2022_0234_SAC_GSW,2022-23,REG,2022-11-20,Sunday,17:00,GSW,97,SAC,117,20,0,
2022_0235_SAC_LAC,2022-23,REG,2022-11-20,Sunday,17:00,LAC,97,SAC,97,0,0,
2022_0236_SAC_LAC,2022-23,REG,2022-11-20,Sunday,17:00,LAC,116,SAC,114,-2,0,
2022_0237_SAC_LAL,2022-23,REG,2022-11-20,Sunday,19:30,LAL,130,SAC,97,-33,0,
2022_0238_SAC_LAL,2022-23,REG,2022-11-20,Sunday,19:30,LAL,103,SAC,103,0,0,
2022_0239_SAC_PHX,2022-23,REG,2022-11-21,Monday,19:00,PHX,120,SAC,96,-24,0,
2022_0240_SAC_PHX,2022-23,REG,2022-11-21,Monday,19:00,PHX,119,SAC,97,-22,0,
2022_0241_BKN_CHI,2022-23,REG,2022-11-21,Monday,19:00,CHI,114,BKN,114,0,0,
2022_0242_BKN_CHI,2022-23,REG,2022-11-21,Monday,22:00,CHI,122,BKN,116,-6,0,
2022_0243_CHI_BKN,2022-23,REG,2022-11-21,Monday,19:00,BKN,127,CHI,117,-10,0,
2022_0244_CHI_BKN,2022-23,REG,2022-11-21,Monday,22:00,BKN,109,CHI,97,-12,0,
2022_0245_BKN_CLE,2022-23,REG,2022-11-21,Monday,22:00,CLE,108,BKN,120,12,0,
2022_0246_BKN_CLE,2022-23,REG,2022-11-22,Tuesday,22:00,CLE,108,BKN,130,22,0,
2022_0247_CLE_BKN,2022-23,REG,2022-11-22,Tuesday,19:00,BKN,113,CLE,120,7,0,
2022_0248_CLE_BKN,2022-23,REG,2022-11-22,Tuesday,19:00,BKN,103,CLE,126,23,0,
2022_0249_BKN_DET,2022-23,REG,2022-11-22,Tuesday,19:00,DET,114,BKN,105,-9,0,
2022_0250_BKN_DET,2022-23,REG,2022-11-22,Tuesday,22:00,DET,115,BKN,118,3,0,
2022_0251_DET_BKN,2022-23,REG,2022-11-23,Wednesday,19:30,BKN,126,DET,101,-25,0,
2022_0252_DET_BKN,2022-23,REG,2022-11-23,Wednesday,22:00,BKN,128,DET,97,-31,0,
2022_0253_BKN_IND,2022-23,REG,2022-11-23,Wednesday,19:30,IND,110,BKN,109,-1,0,
2022_0254_BKN_IND,2022-23,REG,2022-11-23,Wednesday,22:00,IND,106,BKN,113,7,0,
2022_0255_IND_BKN,2022-23,REG,2022-11-23,Wednesday,19:30,BKN,112,IND,111,-1,0,
2022_0256_BKN_MIL,2022-23,REG,2022-11-23,Wednesday,22:00,MIL,120,BKN,121,1,0,
2022_0257_MIL_BKN,2022-23,REG,2022-11-24,Thursday,19:00,BKN,97,MIL,97,0,0,
2022_0258_MIL_BKN,2022-23,REG,2022-11-24,Thursday,19:00,BKN,117,MIL,111,-6,0,
2022_0259_BOS_CHI,2022-23,REG,2022-11-24,Thursday,22:00,CHI,130,BOS,108,-22,0,
2022_0260_BOS_CHI,2022-23,REG,2022-11-24,Thursday,22:00,CHI,112,BOS,96,-16,0,
2022_0261_CHI_BOS,2022-23,REG,2022-11-24,Thursday,19:00,BOS,129,CHI,130,1,0,
2022_0262_CHI_BOS,2022-23,REG,2022-11-24,Thursday,19:00,BOS,126,CHI,121,-5,0,
2022_0263_BOS_CLE,2022-23,REG,2022-11-24,Thursday,19:00,CLE,115,BOS,105,-10,0,
2022_0264_BOS_CLE,2022-23,REG,2022-11-24,Thursday,19:00,CLE,114,BOS,101,-13,0,
2022_0265_CLE_BOS,2022-23,REG,2022-11-24,Thursday,19:00,BOS,119,CLE,95,-24,0,
2022_0266_CLE_BOS,2022-23,REG,2022-11-24,Thursday,22:00,BOS,123,CLE,102,-21,0,
2022_0267_BOS_DET,2022-23,REG,2022-11-24,Thursday,19:00,DET,127,BOS,98,-29,0,
2022_0268_BOS_DET,2022-23,REG,2022-11-24,Thursday,19:00,DET,108,BOS,123,15,0,
2022_0269_DET_BOS,2022-23,REG,2022-11-25,Friday,19:30,BOS,126,DET,99,-27,0,
2022_0270_BOS_IND,2022-23,REG,2022-11-25,Friday,19:30,IND,127,BOS,95,-32,0,
2022_0271_IND_BOS,2022-23,REG,2022-11-25,Friday,19:30,BOS,120,IND,102,-18,0,
2022_0272_IND_BOS,2022-23,REG,2022-11-25,Friday,19:30,BOS,129,IND,121,-8,0,
2022_0273_BOS_MIL,2022-23,REG,2022-11-25,Friday,22:00,MIL,101,BOS,130,29,0,
2022_0274_BOS_MIL,2022-23,REG,2022-11-25,Friday,19:30,MIL,96,BOS,109,13,0,
2022_0275_MIL_BOS,2022-23,REG,2022-11-25,Friday,19:00,BOS,129,MIL,109,-20,0,
2022_0276_MIL_BOS,2022-23,REG,2022-11-25,Friday,22:00,BOS,119,MIL,113,-6,0,
2022_0277_NYK_CHI,2022-23,REG,2022-11-25,Friday,19:30,CHI,106,NYK,101,-5,0,
2022_0278_NYK_CHI,2022-23,REG,2022-11-26,Saturday,19:30,CHI,101,NYK,130,29,0,
2022_0279_CHI_NYK,2022-23,REG,2022-11-26,Saturday,19:30,NYK,98,CHI,118,20,0,
2022_0280_CHI_NYK,2022-23,REG,2022-11-26,Saturday,19:00,NYK,119,CHI,101,-18,0,
2022_0281_NYK_CLE,2022-23,REG,2022-11-26,Saturday,19:30,CLE,115,NYK,111,-4,0,
2022_0282_NYK_CLE,2022-23,REG,2022-11-26,Saturday,19:00,CLE,121,NYK,111,-10,0,
2022_0283_CLE_NYK,2022-23,REG,2022-11-26,Saturday,19:00,NYK,104,CLE,119,15,0,
2022_0284_NYK_DET,2022-23,REG,2022-11-26,Saturday,19:00,DET,123,NYK,118,-5,0,
2022_0285_DET_NYK,2022-23,REG,2022-11-26,Saturday,19:30,NYK,102,DET,109,7,0,
2022_0286_DET_NYK,2022-23,REG,2022-11-26,Saturday,19:30,NYK,117,DET,104,-13,0,
2022_0287_NYK_IND,2022-23,REG,2022-11-26,Saturday,22:30,IND,121,NYK,109,-12,0,
2022_0288_NYK_IND,2022-23,REG,2022-11-27,Sunday,19:30,IND,103,NYK,101,-2,0,
2022_0289_IND_NYK,2022-23,REG,2022-11-27,Sunday,17:00,NYK,123,IND,127,4,0,
2022_0290_IND_NYK,2022-23,REG,2022-11-27,Sunday,19:30,NYK,106,IND,120,14,0,
2022_0291_NYK_MIL,2022-23,REG,2022-11-27,Sunday,15:00,MIL,117,NYK,105,-12,0,
2022_0292_NYK_MIL,2022-23,REG,2022-11-27,Sunday,15:00,MIL,114,NYK,126,12,0,
2022_0293_MIL_NYK,2022-23,REG,2022-11-27,Sunday,15:00,NYK,112,MIL,126,14,0,
2022_0294_MIL_NYK,2022-23,REG,2022-11-27,Sunday,17:00,NYK,97,MIL,118,21,0,
2022_0295_PHI_CHI,2022-23,REG,2022-11-27,Sunday,15:00,CHI,98,PHI,130,32,0,
2022_0296_PHI_CHI,2022-23,REG,2022-11-27,Sunday,19:30,CHI,123,PHI,127,4,0,
2022_0297_CHI_PHI,2022-23,REG,2022-11-27,Sunday,17:00,PHI,124,CHI,102,-22,0,
2022_0298_PHI_CLE,2022-23,REG,2022-11-28,Monday,19:00,CLE,109,PHI,109,0,1,
2022_0299_CLE_PHI,2022-23,REG,2022-11-28,Monday,22:00,PHI,126,CLE,116,-10,0,
2022_0300_CLE_PHI,2022-23,REG,2022-11-28,Monday,22:00,PHI,122,CLE,101,-21,0,
2022_0301_PHI_DET,2022-23,REG,2022-11-28,Monday,19:00,DET,112,PHI,97,-15,0,
2022_0302_PHI_DET,2022-23,REG,2022-11-28,Monday,19:00,DET,119,PHI,106,-13,0,
2022_0303_DET_PHI,2022-23,REG,2022-11-28,Monday,19:00,PHI,111,DET,100,-11,0,
2022_0304_DET_PHI,2022-23,REG,2022-11-28,Monday,22:00,PHI,123,DET,111,-12,0,
2022_0305_PHI_IND,2022-23,REG,2022-11-28,Monday,19:00,IND,121,PHI,100,-21,0,
2022_0306_PHI_IND,2022-23,REG,2022-11-28,Monday,19:00,IND,97,PHI,116,19,0,
2022_0307_IND_PHI,2022-23,REG,2022-11-28,Monday,22:00,PHI,111,IND,111,0,0,
2022_0308_IND_PHI,2022-23,REG,2022-11-28,Monday,19:00,PHI,106,IND,118,12,0,
2022_0309_PHI_MIL,2022-23,REG,2022-11-28,Monday,22:00,MIL,111,PHI,122,11,0,
2022_0310_PHI_MIL,2022-23,REG,2022-11-28,Monday,19:00,MIL,117,PHI,113,-4,0,
2022_0311_MIL_PHI,2022-23,REG,2022-11-28,Monday,22:00,PHI,104,MIL,127,23,0,
2022_0312_MIL_PHI,2022-23,REG,2022-11-28,Monday,19:00,PHI,113,MIL,121,8,0,
2022_0313_TOR_CHI,2022-23,REG,2022-11-28,Monday,22:00,CHI,111,TOR,118,7,0,
2022_0314_CHI_TOR,2022-23,REG,2022-11-28,Monday,19:00,TOR,102,CHI,100,-2,0,
2022_0315_CHI_TOR,2022-23,REG,2022-11-28,Monday,22:00,TOR,130,CHI,124,-6,0,
2022_0316_TOR_CLE,2022-23,REG,2022-11-29,Tuesday,19:00,CLE,111,TOR,97,-14,0,
2022_0317_TOR_CLE,2022-23,REG,2022-11-29,Tuesday,22:00,CLE,126,TOR,127,1,0,
2022_0318_CLE_TOR,2022-23,REG,2022-11-29,Tuesday,22:00,TOR,96,CLE,103,7,0,
2022_0319_CLE_TOR,2022-23,REG,2022-11-29,Tuesday,22:00,TOR,130,CLE,107,-23,0,
2022_0320_TOR_DET,2022-23,REG,2022-11-29,Tuesday,19:00,DET,123,TOR,107,-16,0,
2022_0321_TOR_DET,2022-23,REG,2022-11-30,Wednesday,19:30,DET,120,TOR,110,-10,0,
2022_0322_DET_TOR,2022-23,REG,2022-11-30,Wednesday,19:00,TOR,105,DET,115,10,0,
2022_0323_DET_TOR,2022-23,REG,2022-11-30,Wednesday,22:00,TOR,106,DET,114,8,0,
2022_0324_TOR_IND,2022-23,REG,2022-11-30,Wednesday,19:00,IND,121,TOR,125,4,0,
2022_0325_TOR_IND,2022-23,REG,2022-11-30,Wednesday,22:00,IND,126,TOR,95,-31,0,
2022_0326_IND_TOR,2022-23,REG,2022-11-30,Wednesday,19:00,TOR,102,IND,113,11,0,
2022_0327_IND_TOR,2022-23,REG,2022-12-01,Thursday,19:00,TOR,122,IND,114,-8,0,
2022_0328_TOR_MIL,2022-23,REG,2022-12-01,Thursday,19:00,MIL,112,TOR,111,-1,1,
2022_0329_TOR_MIL,2022-23,REG,2022-12-01,Thursday,19:00,MIL,122,TOR,105,-17,0,
2022_0330_MIL_TOR,2022-23,REG,2022-12-01,Thursday,19:00,TOR,107,MIL,102,-5,0,
2022_0331_BKN_ATL,2022-23,REG,2022-12-01,Thursday,19:00,ATL,107,BKN,117,10,0,
2022_0332_BKN_ATL,2022-23,REG,2022-12-02,Friday,19:00,ATL,104,BKN,113,9,0,
2022_0333_ATL_BKN,2022-23,REG,2022-12-02,Friday,22:00,BKN,117,ATL,115,-2,0,
2022_0334_ATL_BKN,2022-23,REG,2022-12-02,Friday,22:00,BKN,130,ATL,100,-30,0,
2022_0335_BKN_CHA,2022-23,REG,2022-12-02,Friday,19:00,CHA,104,BKN,107,3,0,
2022_0336_BKN_CHA,2022-23,REG,2022-12-02,Friday,22:00,CHA,104,BKN,122,18,0,
2022_0337_CHA_BKN,2022-23,REG,2022-12-02,Friday,22:00,BKN,108,CHA,100,-8,0,
2022_0338_CHA_BKN,2022-23,REG,2022-12-02,Friday,19:00,BKN,111,CHA,129,18,0,
2022_0339_BKN_MIA,2022-23,REG,2022-12-03,Saturday,19:00,MIA,118,BKN,102,-16,0,
2022_0340_BKN_MIA,2022-23,REG,2022-12-03,Saturday,19:00,MIA,99,BKN,117,18,0,
2022_0341_MIA_BKN,2022-23,REG,2022-12-03,Saturday,22:00,BKN,117,MIA,95,-22,0,
2022_0342_MIA_BKN,2022-23,REG,2022-12-03,Saturday,19:00,BKN,103,MIA,112,9,0,
2022_0343_BKN_ORL,2022-23,REG,2022-12-03,Saturday,22:00,ORL,104,BKN,118,14,0,
2022_0344_BKN_ORL,2022-23,REG,2022-12-04,Sunday,17:00,ORL,116,BKN,125,9,0,
2022_0345_ORL_BKN,2022-23,REG,2022-12-04,Sunday,15:00,BKN,118,ORL,95,-23,0,
2022_0346_BKN_WAS,2022-23,REG,2022-12-04,Sunday,15:00,WAS,129,BKN,120,-9,0,
2022_0347_WAS_BKN,2022-23,REG,2022-12-04,Sunday,19:30,BKN,98,WAS,127,29,0,
2022_0348_WAS_BKN,2022-23,REG,2022-12-04,Sunday,15:00,BKN,112,WAS,127,15,0,
2022_0349_BOS_ATL,2022-23,REG,2022-12-04,Sunday,19:30,ATL,106,BOS,128,22,0,
2022_0350_BOS_ATL,2022-23,REG,2022-12-04,Sunday,15:00,ATL,123,BOS,95,-28,0,
2022_0351_ATL_BOS,2022-23,REG,2022-12-04,Sunday,19:30,BOS,125,ATL,105,-20,0,
2022_0352_ATL_BOS,2022-23,REG,2022-12-04,Sunday,17:00,BOS,104,ATL,99,-5,0,
2022_0353_BOS_CHA,2022-23,REG,2022-12-05,Monday,22:00,CHA,107,BOS,120,13,0,
2022_0354_BOS_CHA,2022-23,REG,2022-12-05,Monday,19:00,CHA,114,BOS,108,-6,0,
2022_0355_CHA_BOS,2022-23,REG,2022-12-05,Monday,19:00,BOS,106,CHA,97,-9,0,
2022_0356_CHA_BOS,2022-23,REG,2022-12-05,Monday,19:00,BOS,126,CHA,108,-18,0,
2022_0357_BOS_MIA,2022-23,REG,2022-12-05,Monday,19:00,MIA,101,BOS,128,27,0,
2022_0358_BOS_MIA,2022-23,REG,2022-12-05,Monday,22:00,MIA,104,BOS,110,6,0,
2022_0359_MIA_BOS,2022-23,REG,2022-12-05,Monday,19:00,BOS,125,MIA,121,-4,0,
2022_0360_BOS_ORL,2022-23,REG,2022-12-06,Tuesday,22:00,ORL,123,BOS,105,-18,0,
2022_0361_ORL_BOS,2022-23,REG,2022-12-06,Tuesday,19:30,BOS,110,ORL,110,0,0,
2022_0362_ORL_BOS,2022-23,REG,2022-12-06,Tuesday,19:00,BOS,103,ORL,121,18,0,
2022_0363_BOS_WAS,2022-23,REG,2022-12-06,Tuesday,19:00,WAS,123,BOS,123,0,0,
2022_0364_BOS_WAS,2022-23,REG,2022-12-06,Tuesday,19:00,WAS,123,BOS,122,-1,0,
2022_0365_WAS_BOS,2022-23,REG,2022-12-06,Tuesday,19:00,BOS,127,WAS,116,-11,0,
2022_0366_WAS_BOS,2022-23,REG,2022-12-06,Tuesday,22:00,BOS,102,WAS,127,25,0,
2022_0367_NYK_ATL,2022-23,REG,2022-12-06,Tuesday,19:30,ATL,119,NYK,113,-6,0,
2022_0368_NYK_ATL,2022-23,REG,2022-12-07,Wednesday,19:30,ATL,123,NYK,129,6,0,
2022_0369_ATL_NYK,2022-23,REG,2022-12-07,Wednesday,22:00,NYK,113,ATL,124,11,0,
2022_0370_ATL_NYK,2022-23,REG,2022-12-07,Wednesday,19:00,NYK,113,ATL,104,-9,0,
2022_0371_NYK_CHA,2022-23,REG,2022-12-07,Wednesday,22:00,CHA,107,NYK,112,5,0,
2022_0372_NYK_CHA,2022-23,REG,2022-12-07,Wednesday,19:00,CHA,107,NYK,99,-8,0,
2022_0373_CHA_NYK,2022-23,REG,2022-12-07,Wednesday,22:00,NYK,126,CHA,121,-5,0,
2022_0374_NYK_MIA,2022-23,REG,2022-12-07,Wednesday,22:00,MIA,126,NYK,117,-9,0,
2022_0375_MIA_NYK,2022-23,REG,2022-12-08,Thursday,19:00,NYK,120,MIA,105,-15,0,
2022_0376_MIA_NYK,2022-23,REG,2022-12-08,Thursday,19:00,NYK,127,MIA,121,-6,0,
2022_0377_NYK_ORL,2022-23,REG,2022-12-08,Thursday,19:00,ORL,95,NYK,111,16,0,
2022_0378_NYK_ORL,2022-23,REG,2022-12-08,Thursday,22:00,ORL,109,NYK,116,7,0,
2022_0379_ORL_NYK,2022-23,REG,2022-12-08,Thursday,22:00,NYK,122,ORL,120,-2,0,
2022_0380_ORL_NYK,2022-23,REG,2022-12-08,Thursday,22:00,NYK,108,ORL,127,19,0,
2022_0381_NYK_WAS,2022-23,REG,2022-12-08,Thursday,19:00,WAS,97,NYK,106,9,0,
2022_0382_NYK_WAS,2022-23,REG,2022-12-09,Friday,22:00,WAS,99,NYK,107,8,0,
2022_0383_WAS_NYK,2022-23,REG,2022-12-09,Friday,19:30,NYK,102,WAS,120,18,0,
2022_0384_WAS_NYK,2022-23,REG,2022-12-09,Friday,22:00,NYK,101,WAS,108,7,0,
2022_0385_PHI_ATL,2022-23,REG,2022-12-09,Friday,22:00,ATL,123,PHI,125,2,0,
2022_0386_PHI_ATL,2022-23,REG,2022-12-09,Friday,22:00,ATL,110,PHI,116,6,0,
2022_0387_ATL_PHI,2022-23,REG,2022-12-09,Friday,22:00,PHI,97,ATL,114,17,0,
2022_0388_PHI_CHA,2022-23,REG,2022-12-09,Friday,22:00,CHA,130,PHI,108,-22,0,
2022_0389_CHA_PHI,2022-23,REG,2022-12-09,Friday,19:00,PHI,109,CHA,129,20,0,
2022_0390_CHA_PHI,2022-23,REG,2022-12-09,Friday,19:30,PHI,107,CHA,107,0,0,
2022_0391_PHI_MIA,2022-23,REG,2022-12-09,Friday,22:00,MIA,101,PHI,115,14,0,
2022_0392_PHI_MIA,2022-23,REG,2022-12-10,Saturday,22:30,MIA,96,PHI,127,31,0,
2022_0393_MIA_PHI,2022-23,REG,2022-12-10,Saturday,22:00,PHI,120,MIA,101,-19,0,
2022_0394_MIA_PHI,2022-23,REG,2022-12-10,Saturday,19:30,PHI,112,MIA,120,8,0,
2022_0395_PHI_ORL,2022-23,REG,2022-12-10,Saturday,22:30,ORL,95,PHI,129,34,0,
2022_0396_PHI_ORL,2022-23,REG,2022-12-10,Saturday,22:00,ORL,110,PHI,105,-5,0,
2022_0397_ORL_PHI,2022-23,REG,2022-12-10,Saturday,19:00,PHI,103,ORL,122,19,0,
2022_0398_ORL_PHI,2022-23,REG,2022-12-10,Saturday,22:00,PHI,98,ORL,129,31,0,
2022_0399_PHI_WAS,2022-23,REG,2022-12-10,Saturday,22:00,WAS,109,PHI,102,-7,0,
2022_0400_PHI_WAS,2022-23,REG,2022-12-11,Sunday,19:30,WAS,128,PHI,127,-1,0,
2022_0401_WAS_PHI,2022-23,REG,2022-12-11,Sunday,19:30,PHI,107,WAS,118,11,0,
2022_0402_WAS_PHI,2022-23,REG,2022-12-11,Sunday,17:00,PHI,102,WAS,99,-3,0,
2022_0403_TOR_ATL,2022-23,REG,2022-12-11,Sunday,15:00,ATL,125,TOR,110,-15,0,
2022_0404_ATL_TOR,2022-23,REG,2022-12-11,Sunday,15:00,TOR,101,ATL,129,28,0,
2022_0405_ATL_TOR,2022-23,REG,2022-12-11,Sunday,19:30,TOR,126,ATL,118,-8,0,
2022_0406_TOR_CHA,2022-23,REG,2022-12-11,Sunday,15:00,CHA,111,TOR,110,-1,0,
2022_0407_TOR_CHA,2022-23,REG,2022-12-11,Sunday,17:00,CHA,100,TOR,115,15,0,
2022_0408_CHA_TOR,2022-23,REG,2022-12-11,Sunday,17:00,TOR,119,CHA,96,-23,0,
2022_0409_CHA_TOR,2022-23,REG,2022-12-11,Sunday,19:30,TOR,95,CHA,122,27,0,
2022_0410_TOR_MIA,2022-23,REG,2022-12-11,Sunday,19:30,MIA,121,TOR,127,6,0,
2022_0411_TOR_MIA,2022-23,REG,2022-12-11,Sunday,15:00,MIA,110,TOR,106,-4,0,
2022_0412_MIA_TOR,2022-23,REG,2022-12-12,Monday,22:00,TOR,117,MIA,119,2,1,
2022_0413_MIA_TOR,2022-23,REG,2022-12-12,Monday,19:00,TOR,97,MIA,120,23,0,
2022_0414_TOR_ORL,2022-23,REG,2022-12-12,Monday,19:00,ORL,121,TOR,104,-17,0,
2022_0415_TOR_ORL,2022-23,REG,2022-12-12,Monday,22:00,ORL,104,TOR,106,2,0,
2022_0416_ORL_TOR,2022-23,REG,2022-12-12,Monday,19:00,TOR,130,ORL,126,-4,0,
2022_0417_ORL_TOR,2022-23,REG,2022-12-12,Monday,19:00,TOR,104,ORL,103,-1,0,
2022_0418_TOR_WAS,2022-23,REG,2022-12-12,Monday,22:00,WAS,101,TOR,116,15,0,
2022_0419_TOR_WAS,2022-23,REG,2022-12-12,Monday,19:00,WAS,104,TOR,130,26,0,
2022_0420_WAS_TOR,2022-23,REG,2022-12-13,Tuesday,19:00,TOR,101,WAS,122,21,0,
2022_0421_CHI_ATL,2022-23,REG,2022-12-13,Tuesday,19:00,ATL,116,CHI,110,-6,0,
2022_0422_CHI_ATL,2022-23,REG,2022-12-13,Tuesday,19:00,ATL,121,CHI,97,-24,0,
2022_0423_ATL_CHI,2022-23,REG,2022-12-13,Tuesday,19:00,CHI,99,ATL,103,4,0,
2022_0424_ATL_CHI,2022-23,REG,2022-12-13,Tuesday,22:00,CHI,128,ATL,98,-30,0,
2022_0425_CHI_CHA,2022-23,REG,2022-12-13,Tuesday,19:00,CHA,97,CHI,113,16,0,
2022_0426_CHI_CHA,2022-23,REG,2022-12-14,Wednesday,22:00,CHA,115,CHI,99,-16,0,
2022_0427_CHA_CHI,2022-23,REG,2022-12-14,Wednesday,22:00,CHI,126,CHA,125,-1,0,
2022_0428_CHA_CHI,2022-23,REG,2022-12-14,Wednesday,19:30,CHI,120,CHA,96,-24,0,
2022_0429_CHI_MIA,2022-23,REG,2022-12-14,Wednesday,19:30,MIA,128,CHI,103,-25,0,
2022_0430_CHI_MIA,2022-23,REG,2022-12-14,Wednesday,19:30,MIA,97,CHI,99,2,0,
2022_0431_MIA_CHI,2022-23,REG,2022-12-14,Wednesday,19:00,CHI,117,MIA,125,8,0,
2022_0432_MIA_CHI,2022-23,REG,2022-12-14,Wednesday,19:00,CHI,122,MIA,106,-16,0,
2022_0433_CHI_ORL,2022-23,REG,2022-12-14,Wednesday,22:00,ORL,120,CHI,128,8,0,
2022_0434_CHI_ORL,2022-23,REG,2022-12-14,Wednesday,19:00,ORL,118,CHI,121,3,1,
2022_0435_ORL_CHI,2022-23,REG,2022-12-14,Wednesday,19:00,CHI,108,ORL,129,21,0,
2022_0436_CHI_WAS,2022-23,REG,2022-12-14,Wednesday,22:00,WAS,130,CHI,121,-9,0,
2022_0437_WAS_CHI,2022-23,REG,2022-12-14,Wednesday,19:00,CHI,120,WAS,100,-20,0,
2022_0438_WAS_CHI,2022-23,REG,2022-12-14,Wednesday,22:00,CHI,105,WAS,130,25,0,
2022_0439_CLE_ATL,2022-23,REG,2022-12-15,Thursday,19:00,ATL,113,CLE,102,-11,0,
2022_0440_CLE_ATL,2022-23,REG,2022-12-15,Thursday,19:00,ATL,123,CLE,97,-26,0,
2022_0441_ATL_CLE,2022-23,REG,2022-12-15,Thursday,19:00,CLE,125,ATL,109,-16,0,
2022_0442_ATL_CLE,2022-23,REG,2022-12-15,Thursday,19:00,CLE,98,ATL,107,9,0,
2022_0443_CLE_CHA,2022-23,REG,2022-12-15,Thursday,19:00,CHA,124,CLE,128,4,0,
2022_0444_CLE_CHA,2022-23,REG,2022-12-15,Thursday,19:00,CHA,112,CLE,100,-12,0,
2022_0445_CHA_CLE,2022-23,REG,2022-12-15,Thursday,22:00,CLE,96,CHA,107,11,0,
2022_0446_CHA_CLE,2022-23,REG,2022-12-15,Thursday,19:00,CLE,95,CHA,107,12,0,
2022_0447_CLE_MIA,2022-23,REG,2022-12-15,Thursday,22:00,MIA,96,CLE,104,8,0,
2022_0448_CLE_MIA,2022-23,REG,2022-12-15,Thursday,19:00,MIA,116,CLE,98,-18,0,
2022_0449_MIA_CLE,2022-23,REG,2022-12-15,Thursday,19:00,CLE,106,MIA,120,14,0,
2022_0450_CLE_ORL,2022-23,REG,2022-12-15,Thursday,22:00,ORL,97,CLE,120,23,0,
2022_0451_ORL_CLE,2022-23,REG,2022-12-15,Thursday,22:00,CLE,95,ORL,125,30,0,
2022_0452_ORL_CLE,2022-23,REG,2022-12-15,Thursday,19:00,CLE,113,ORL,106,-7,0,
2022_0453_CLE_WAS,2022-23,REG,2022-12-16,Friday,19:00,WAS,113,CLE,126,13,0,
2022_0454_CLE_WAS,2022-23,REG,2022-12-16,Friday,19:00,WAS,115,CLE,127,12,0,
2022_0455_WAS_CLE,2022-23,REG,2022-12-16,Friday,19:00,CLE,128,WAS,123,-5,0,
2022_0456_WAS_CLE,2022-23,REG,2022-12-16,Friday,19:00,CLE,128,WAS,129,1,0,
2022_0457_DET_ATL,2022-23,REG,2022-12-16,Friday,19:30,ATL,109,DET,99,-10,0,
2022_0458_DET_ATL,2022-23,REG,2022-12-16,Friday,22:00,ATL,124,DET,105,-19,0,
2022_0459_ATL_DET,2022-23,REG,2022-12-17,Saturday,19:30,DET,129,ATL,109,-20,0,
2022_0460_ATL_DET,2022-23,REG,2022-12-17,Saturday,19:30,DET,116,ATL,102,-14,0,
2022_0461_DET_CHA,2022-23,REG,2022-12-17,Saturday,19:00,CHA,104,DET,106,2,0,
2022_0462_DET_CHA,2022-23,REG,2022-12-17,Saturday,19:30,CHA,106,DET,108,2,0,
2022_0463_CHA_DET,2022-23,REG,2022-12-18,Sunday,19:30,DET,106,CHA,124,18,0,
2022_0464_DET_MIA,2022-23,REG,2022-12-18,Sunday,15:00,MIA,111,DET,115,4,0,
2022_0465_MIA_DET,2022-23,REG,2022-12-18,Sunday,17:00,DET,102,MIA,97,-5,0,
2022_0466_MIA_DET,2022-23,REG,2022-12-18,Sunday,19:30,DET,110,MIA,113,3,0,
2022_0467_DET_ORL,2022-23,REG,2022-12-18,Sunday,17:00,ORL,126,DET,113,-13,0,
2022_0468_DET_ORL,2022-23,REG,2022-12-18,Sunday,17:00,ORL,113,DET,118,5,0,
2022_0469_ORL_DET,2022-23,REG,2022-12-18,Sunday,19:30,DET,100,ORL,110,10,0,
2022_0470_ORL_DET,2022-23,REG,2022-12-19,Monday,19:00,DET,129,ORL,127,-2,0,
2022_0471_DET_WAS,2022-23,REG,2022-12-19,Monday,22:00,WAS,118,DET,114,-4,0,
2022_0472_DET_WAS,2022-23,REG,2022-12-19,Monday,22:00,WAS,124,DET,112,-12,0,
2022_0473_WAS_DET,2022-23,REG,2022-12-19,Monday,19:00,DET,98,WAS,129,31,0,
2022_0474_WAS_DET,2022-23,REG,2022-12-19,Monday,19:00,DET,125,WAS,98,-27,0,
2022_0475_IND_ATL,2022-23,REG,2022-12-19,Monday,22:00,ATL,112,IND,106,-6,0,
2022_0476_IND_ATL,2022-23,REG,2022-12-19,Monday,19:00,ATL,108,IND,122,14,0,
2022_0477_ATL_IND,2022-23,REG,2022-12-19,Monday,22:00,IND,121,ATL,120,-1,0,
2022_0478_IND_CHA,2022-23,REG,2022-12-19,Monday,22:00,CHA,110,IND,128,18,0,
2022_0479_CHA_IND,2022-23,REG,2022-12-20,Tuesday,19:00,IND,117,CHA,125,8,0,
2022_0480_CHA_IND,2022-23,REG,2022-12-20,Tuesday,22:00,IND,118,CHA,118,0,0,
2022_0481_IND_MIA,2022-23,REG,2022-12-20,Tuesday,19:00,MIA,116,IND,112,-4,0,
2022_0482_IND_MIA,2022-23,REG,2022-12-20,Tuesday,19:00,MIA,110,IND,129,19,0,
2022_0483_MIA_IND,2022-23,REG,2022-12-20,Tuesday,19:00,IND,126,MIA,129,3,0,
2022_0484_MIA_IND,2022-23,REG,2022-12-20,Tuesday,19:30,IND,126,MIA,95,-31,0,
2022_0485_IND_ORL,2022-23,REG,2022-12-20,Tuesday,22:00,ORL,97,IND,124,27,0,
2022_0486_IND_ORL,2022-23,REG,2022-12-20,Tuesday,19:00,ORL,107,IND,98,-9,0,
2022_0487_ORL_IND,2022-23,REG,2022-12-20,Tuesday,19:00,IND,123,ORL,102,-21,0,
2022_0488_ORL_IND,2022-23,REG,2022-12-21,Wednesday,19:00,IND,101,ORL,104,3,0,
2022_0489_IND_WAS,2022-23,REG,2022-12-21,Wednesday,22:00,WAS,109,IND,99,-10,0,
2022_0490_IND_WAS,2022-23,REG,2022-12-21,Wednesday,19:30,WAS,127,IND,118,-9,0,
2022_0491_WAS_IND,2022-23,REG,2022-12-21,Wednesday,22:00,IND,113,WAS,95,-18,0,
2022_0492_WAS_IND,2022-23,REG,2022-12-21,Wednesday,19:30,IND,108,WAS,107,-1,0,
2022_0493_MIL_ATL,2022-23,REG,2022-12-21,Wednesday,19:00,ATL,121,MIL,118,-3,0,
2022_0494_ATL_MIL,2022-23,REG,2022-12-21,Wednesday,19:00,MIL,96,ATL,111,15,0,
2022_0495_ATL_MIL,2022-23,REG,2022-12-21,Wednesday,22:00,MIL,98,ATL,102,4,0,
2022_0496_MIL_CHA,2022-23,REG,2022-12-21,Wednesday,19:00,CHA,114,MIL,100,-14,0,
2022_0497_MIL_CHA,2022-23,REG,2022-12-21,Wednesday,19:00,CHA,96,MIL,120,24,0,
2022_0498_CHA_MIL,2022-23,REG,2022-12-22,Thursday,19:00,MIL,107,CHA,100,-7,0,
2022_0499_CHA_MIL,2022-23,REG,2022-12-22,Thursday,22:00,MIL,115,CHA,108,-7,0,
2022_0500_MIL_MIA,2022-23,REG,2022-12-22,Thursday,19:00,MIA,95,MIL,106,11,0,
2022_0501_MIL_MIA,2022-23,REG,2022-12-22,Thursday,22:00,MIA,105,MIL,122,17,0,
2022_0502_MIA_MIL,2022-23,REG,2022-12-22,Thursday,22:00,MIL,119,MIA,106,-13,0,
2022_0503_MIA_MIL,2022-23,REG,2022-12-22,Thursday,22:00,MIL,108,MIA,98,-10,0,
2022_0504_MIL_ORL,2022-23,REG,2022-12-22,Thursday,19:00,ORL,119,MIL,99,-20,0,
2022_0505_MIL_ORL,2022-23,REG,2022-12-23,Friday,19:30,ORL,103,MIL,112,9,0,
2022_0506_ORL_MIL,2022-23,REG,2022-12-23,Friday,19:00,MIL,120,ORL,119,-1,0,
2022_0507_ORL_MIL,2022-23,REG,2022-12-23,Friday,19:00,MIL,109,ORL,109,0,0,
2022_0508_MIL_WAS,2022-23,REG,2022-12-23,Friday,19:00,WAS,113,MIL,101,-12,0,
2022_0509_MIL_WAS,2022-23,REG,2022-12-23,Friday,22:00,WAS,130,MIL,98,-32,0,
2022_0510_WAS_MIL,2022-23,REG,2022-12-24,Saturday,22:00,MIL,107,WAS,104,-3,0,
2022_0511_GSW_DEN,2022-23,REG,2022-12-24,Saturday,22:30,DEN,125,GSW,99,-26,0,
2022_0512_GSW_DEN,2022-23,REG,2022-12-24,Saturday,19:30,DEN,123,GSW,100,-23,0,
2022_0513_DEN_GSW,2022-23,REG,2022-12-25,Sunday,19:30,GSW,113,DEN,102,-11,0,
2022_0514_DEN_GSW,2022-23,REG,2022-12-25,Sunday,17:00,GSW,124,DEN,115,-9,0,
2022_0515_GSW_MIN,2022-23,REG,2022-12-25,Sunday,19:30,MIN,97,GSW,111,14,0,
2022_0516_GSW_MIN,2022-23,REG,2022-12-25,Sunday,15:00,MIN,102,GSW,116,14,0,
2022_0517_MIN_GSW,2022-23,REG,2022-12-25,Sunday,19:30,GSW,96,MIN,118,22,0,
2022_0518_MIN_GSW,2022-23,REG,2022-12-25,Sunday,15:00,GSW,99,MIN,130,31,0,
2022_0519_GSW_OKC,2022-23,REG,2022-12-26,Monday,19:00,OKC,95,GSW,95,0,0,
2022_0520_GSW_OKC,2022-23,REG,2022-12-26,Monday,19:00,OKC,121,GSW,116,-5,0,
2022_0521_OKC_GSW,2022-23,REG,2022-12-26,Monday,19:00,GSW,109,OKC,123,14,0,
2022_0522_OKC_GSW,2022-23,REG,2022-12-26,Monday,19:00,GSW,105,OKC,117,12,0,
2022_0523_GSW_POR,2022-23,REG,2022-12-26,Monday,22:00,POR,109,GSW,121,12,0,
2022_0524_GSW_POR,2022-23,REG,2022-12-26,Monday,22:00,POR,118,GSW,118,0,1,
2022_0525_POR_GSW,2022-23,REG,2022-12-26,Monday,22:00,GSW,110,POR,122,12,0,
2022_0526_GSW_UTA,2022-23,REG,2022-12-26,Monday,22:00,UTA,106,GSW,118,12,0,
2022_0527_UTA_GSW,2022-23,REG,2022-12-26,Monday,19:00,GSW,102,UTA,111,9,0,
2022_0528_UTA_GSW,2022-23,REG,2022-12-26,Monday,19:00,GSW,96,UTA,110,14,0,
2022_0529_LAC_DEN,2022-23,REG,2022-12-26,Monday,19:00,DEN,106,LAC,104,-2,0,
2022_0530_LAC_DEN,2022-23,REG,2022-12-26,Monday,19:00,DEN,119,LAC,128,9,0,
2022_0531_DEN_LAC,2022-23,REG,2022-12-26,Monday,19:00,LAC,101,DEN,125,24,0,
2022_0532_DEN_LAC,2022-23,REG,2022-12-26,Monday,19:00,LAC,120,DEN,98,-22,0,
2022_0533_LAC_MIN,2022-23,REG,2022-12-26,Monday,19:00,MIN,115,LAC,121,6,0,
2022_0534_LAC_MIN,2022-23,REG,2022-12-26,Monday,19:00,MIN,96,LAC,122,26,0,
2022_0535_MIN_LAC,2022-23,REG,2022-12-27,Tuesday,19:30,LAC,113,MIN,105,-8,0,
2022_0536_MIN_LAC,2022-23,REG,2022-12-27,Tuesday,19:30,LAC,107,MIN,105,-2,0,
2022_0537_LAC_OKC,2022-23,REG,2022-12-27,Tuesday,22:00,OKC,123,LAC,123,0,0,
2022_0538_LAC_OKC,2022-23,REG,2022-12-27,Tuesday,19:00,OKC,114,LAC,100,-14,0,
2022_0539_OKC_LAC,2022-23,REG,2022-12-27,Tuesday,22:00,LAC,118,OKC,97,-21,0,
2022_0540_LAC_POR,2022-23,REG,2022-12-27,Tuesday,19:00,POR,100,LAC,125,25,0,
2022_0541_POR_LAC,2022-23,REG,2022-12-27,Tuesday,22:00,LAC,116,POR,126,10,0,
2022_0542_POR_LAC,2022-23,REG,2022-12-27,Tuesday,19:00,LAC,104,POR,107,3,0,
2022_0543_LAC_UTA,2022-23,REG,2022-12-27,Tuesday,19:00,UTA,126,LAC,126,0,0,
2022_0544_LAC_UTA,2022-23,REG,2022-12-27,Tuesday,19:00,UTA,105,LAC,117,12,0,
2022_0545_UTA_LAC,2022-23,REG,2022-12-28,Wednesday,22:00,LAC,102,UTA,120,18,0,
2022_0546_UTA_LAC,2022-23,REG,2022-12-28,Wednesday,19:00,LAC,128,UTA,115,-13,0,
2022_0547_LAL_DEN,2022-23,REG,2022-12-28,Wednesday,19:00,DEN,128,LAL,124,-4,0,
2022_0548_LAL_DEN,2022-23,REG,2022-12-28,Wednesday,19:00,DEN,102,LAL,128,26,0,
2022_0549_DEN_LAL,2022-23,REG,2022-12-28,Wednesday,22:00,LAL,130,DEN,120,-10,0,
2022_0550_DEN_LAL,2022-23,REG,2022-12-28,Wednesday,19:30,LAL,101,DEN,110,9,0,
2022_0551_LAL_MIN,2022-23,REG,2022-12-28,Wednesday,22:00,MIN,101,LAL,125,24,0,
2022_0552_LAL_MIN,2022-23,REG,2022-12-28,Wednesday,22:00,MIN,102,LAL,115,13,0,
2022_0553_MIN_LAL,2022-23,REG,2022-12-28,Wednesday,19:30,LAL,99,MIN,100,1,0,
2022_0554_LAL_OKC,2022-23,REG,2022-12-28,Wednesday,19:00,OKC,102,LAL,111,9,0,
2022_0555_OKC_LAL,2022-23,REG,2022-12-29,Thursday,19:00,LAL,113,OKC,105,-8,0,
2022_0556_OKC_LAL,2022-23,REG,2022-12-29,Thursday,22:00,LAL,114,OKC,127,13,0,
2022_0557_LAL_POR,2022-23,REG,2022-12-29,Thursday,19:00,POR,114,LAL,118,4,0,
2022_0558_LAL_POR,2022-23,REG,2022-12-29,Thursday,19:00,POR,123,LAL,121,-2,0,
2022_0559_POR_LAL,2022-23,REG,2022-12-29,Thursday,22:00,LAL,123,POR,108,-15,0,
2022_0560_POR_LAL,2022-23,REG,2022-12-29,Thursday,19:00,LAL,125,POR,99,-26,0,
2022_0561_LAL_UTA,2022-23,REG,2022-12-29,Thursday,19:00,UTA,100,LAL,111,11,0,
2022_0562_LAL_UTA,2022-23,REG,2022-12-30,Friday,19:00,UTA,121,LAL,95,-26,0,
2022_0563_UTA_LAL,2022-23,REG,2022-12-30,Friday,19:30,LAL,115,UTA,120,5,0,
2022_0564_UTA_LAL,2022-23,REG,2022-12-30,Friday,19:00,LAL,115,UTA,114,-1,0,
2022_0565_PHX_DEN,2022-23,REG,2022-12-30,Friday,19:00,DEN,117,PHX,129,12,0,
2022_0566_PHX_DEN,2022-23,REG,2022-12-30,Friday,19:00,DEN,95,PHX,125,30,0,
2022_0567_DEN_PHX,2022-23,REG,2022-12-30,Friday,19:30,PHX,111,DEN,107,-4,0,
2022_0568_PHX_MIN,2022-23,REG,2022-12-30,Friday,22:00,MIN,102,PHX,95,-7,0,
2022_0569_MIN_PHX,2022-23,REG,2022-12-31,Saturday,22:00,PHX,126,MIN,100,-26,0,
2022_0570_MIN_PHX,2022-23,REG,2022-12-31,Saturday,22:00,PHX,100,MIN,120,20,0,
2022_0571_PHX_OKC,2022-23,REG,2022-12-31,Saturday,22:00,OKC,96,PHX,124,28,0,
2022_0572_PHX_OKC,2022-23,REG,2022-12-31,Saturday,19:30,OKC,101,PHX,119,18,0,
2022_0573_OKC_PHX,2022-23,REG,2023-01-01,Sunday,19:30,PHX,97,OKC,108,11,0,
2022_0574_OKC_PHX,2022-23,REG,2023-01-01,Sunday,15:00,PHX,101,OKC,102,1,0,
2022_0575_PHX_POR,2022-23,REG,2023-01-01,Sunday,19:30,POR,108,PHX,123,15,0,
2022_0576_PHX_POR,2022-23,REG,2023-01-01,Sunday,15:00,POR,109,PHX,129,20,0,
2022_0577_POR_PHX,2022-23,REG,2023-01-01,Sunday,15:00,PHX,128,POR,100,-28,0,
2022_0578_POR_PHX,2022-23,REG,2023-01-01,Sunday,15:00,PHX,124,POR,100,-24,0,
2022_0579_PHX_UTA,2022-23,REG,2023-01-02,Monday,22:00,UTA,96,PHX,105,9,0,
2022_0580_PHX_UTA,2022-23,REG,2023-01-02,Monday,19:00,UTA,115,PHX,110,-5,0,
2022_0581_UTA_PHX,2022-23,REG,2023-01-02,Monday,19:00,PHX,119,UTA,125,6,0,
2022_0582_UTA_PHX,2022-23,REG,2023-01-02,Monday,22:00,PHX,122,UTA,117,-5,0,
2022_0583_SAC_DEN,2022-23,REG,2023-01-02,Monday,19:00,DEN,95,SAC,111,16,0,
2022_0584_DEN_SAC,2022-23,REG,2023-01-03,Tuesday,22:00,SAC,99,DEN,96,-3,0,
2022_0585_DEN_SAC,2022-23,REG,2023-01-03,Tuesday,19:30,SAC,113,DEN,115,2,0,
2022_0586_SAC_MIN,2022-23,REG,2023-01-03,Tuesday,19:00,MIN,98,SAC,120,22,0,
2022_0587_SAC_MIN,2022-23,REG,2023-01-03,Tuesday,19:00,MIN,130,SAC,123,-7,0,
2022_0588_MIN_SAC,2022-23,REG,2023-01-04,Wednesday,22:00,SAC,113,MIN,104,-9,0,
2022_0589_MIN_SAC,2022-23,REG,2023-01-04,Wednesday,19:00,SAC,102,MIN,99,-3,0,
2022_0590_SAC_OKC,2022-23,REG,2023-01-04,Wednesday,19:00,OKC,108,SAC,112,4,0,
2022_0591_SAC_OKC,2022-23,REG,2023-01-04,Wednesday,19:00,OKC,106,SAC,112,6,0,
2022_0592_OKC_SAC,2022-23,REG,2023-01-04,Wednesday,19:00,SAC,99,OKC,114,15,0,
2022_0593_OKC_SAC,2022-23,REG,2023-01-04,Wednesday,22:00,SAC,111,OKC,102,-9,0,
2022_0594_SAC_POR,2022-23,REG,2023-01-04,Wednesday,19:00,POR,115,SAC,125,10,0,
2022_0595_SAC_POR,2022-23,REG,2023-01-04,Wednesday,19:30,POR,120,SAC,113,-7,0,
2022_0596_POR_SAC,2022-23,REG,2023-01-04,Wednesday,19:00,SAC,104,POR,122,18,0,
2022_0597_POR_SAC,2022-23,REG,2023-01-04,Wednesday,19:00,SAC,128,POR,112,-16,0,
2022_0598_SAC_UTA,2022-23,REG,2023-01-04,Wednesday,19:30,UTA,103,SAC,104,1,0,
2022_0599_SAC_UTA,2022-23,REG,2023-01-04,Wednesday,22:00,UTA,122,SAC,98,-24,0,
2022_0600_UTA_SAC,2022-23,REG,2023-01-04,Wednesday,22:00,SAC,103,UTA,113,10,0,
2022_0601_GSW_DAL,2022-23,REG,2023-01-05,Thursday,19:00,DAL,100,GSW,99,-1,0,
2022_0602_GSW_DAL,2022-23,REG,2023-01-05,Thursday,22:00,DAL,111,GSW,127,16,0,
2022_0603_DAL_GSW,2022-23,REG,2023-01-05,Thursday,19:00,GSW,98,DAL,120,22,0,
2022_0604_DAL_GSW,2022-23,REG,2023-01-06,Friday,19:30,GSW,128,DAL,109,-19,0,
2022_0605_GSW_HOU,2022-23,REG,2023-01-06,Friday,19:00,HOU,101,GSW,117,16,0,
2022_0606_GSW_HOU,2022-23,REG,2023-01-06,Friday,22:00,HOU,104,GSW,116,12,0,
2022_0607_HOU_GSW,2022-23,REG,2023-01-06,Friday,19:30,GSW,112,HOU,110,-2,0,
2022_0608_HOU_GSW,2022-23,REG,2023-01-06,Friday,22:00,GSW,120,HOU,122,2,0,
2022_0609_GSW_MEM,2022-23,REG,2023-01-06,Friday,19:30,MEM,126,GSW,99,-27,0,
2022_0610_GSW_MEM,2022-23,REG,2023-01-07,Saturday,22:30,MEM,122,GSW,113,-9,0,
2022_0611_MEM_GSW,2022-23,REG,2023-01-07,Saturday,19:00,GSW,115,MEM,111,-4,0,
2022_0612_MEM_GSW,2022-23,REG,2023-01-07,Saturday,19:00,GSW,109,MEM,107,-2,1,
2022_0613_GSW_NOP,2022-23,REG,2023-01-07,Saturday,22:00,NOP,112,GSW,122,10,0,
2022_0614_GSW_NOP,2022-23,REG,2023-01-07,Saturday,19:00,NOP,95,GSW,115,20,0,
2022_0615_NOP_GSW,2022-23,REG,2023-01-08,Sunday,19:30,GSW,97,NOP,122,25,0,
2022_0616_GSW_SAS,2022-23,REG,2023-01-08,Sunday,15:00,SAS,113,GSW,115,2,0,
2022_0617_SAS_GSW,2022-23,REG,2023-01-08,Sunday,17:00,GSW,125,SAS,108,-17,0,
2022_0618_SAS_GSW,2022-23,REG,2023-01-08,Sunday,15:00,GSW,109,SAS,101,-8,0,
2022_0619_LAC_DAL,2022-23,REG,2023-01-08,Sunday,19:30,DAL,122,LAC,113,-9,0,
2022_0620_LAC_DAL,2022-23,REG,2023-01-08,Sunday,17:00,DAL,101,LAC,110,9,0,
2022_0621_DAL_LAC,2022-23,REG,2023-01-08,Sunday,19:30,LAC,126,DAL,95,-31,0,
2022_0622_DAL_LAC,2022-23,REG,2023-01-08,Sunday,19:30,LAC,97,DAL,129,32,0,
2022_0623_LAC_HOU,2022-23,REG,2023-01-09,Monday,19:00,HOU,129,LAC,125,-4,0,
2022_0624_LAC_HOU,2022-23,REG,2023-01-09,Monday,22:00,HOU,115,LAC,122,7,0,
2022_0625_HOU_LAC,2022-23,REG,2023-01-09,Monday,22:00,LAC,119,HOU,123,4,0,
2022_0626_HOU_LAC,2022-23,REG,2023-01-09,Monday,19:00,LAC,102,HOU,98,-4,0,
2022_0627_LAC_MEM,2022-23,REG,2023-01-09,Monday,22:00,MEM,128,LAC,130,2,0,
2022_0628_LAC_MEM,2022-23,REG,2023-01-09,Monday,22:00,MEM,112,LAC,95,-17,0,
2022_0629_MEM_LAC,2022-23,REG,2023-01-09,Monday,22:00,LAC,115,MEM,101,-14,0,
2022_0630_LAC_NOP,2022-23,REG,2023-01-09,Monday,22:00,NOP,113,LAC,112,-1,0,
2022_0631_NOP_LAC,2022-23,REG,2023-01-09,Monday,19:00,LAC,110,NOP,126,16,0,
2022_0632_NOP_LAC,2022-23,REG,2023-01-09,Monday,19:00,LAC,112,NOP,110,-2,0,
2022_0633_LAC_SAS,2022-23,REG,2023-01-10,Tuesday,19:00,SAS,125,LAC,118,-7,0,
2022_0634_LAC_SAS,2022-23,REG,2023-01-10,Tuesday,19:00,SAS,122,LAC,110,-12,0,
2022_0635_SAS_LAC,2022-23,REG,2023-01-10,Tuesday,22:00,LAC,97,SAS,125,28,0,
2022_0636_SAS_LAC,2022-23,REG,2023-01-10,Tuesday,19:30,LAC,122,SAS,101,-21,0,
2022_0637_LAL_DAL,2022-23,REG,2023-01-10,Tuesday,19:00,DAL,118,LAL,127,9,0,
2022_0638_LAL_DAL,2022-23,REG,2023-01-10,Tuesday,19:00,DAL,118,LAL,104,-14,0,
2022_0639_DAL_LAL,2022-23,REG,2023-01-10,Tuesday,22:00,LAL,99,DAL,110,11,0,
2022_0640_DAL_LAL,2022-23,REG,2023-01-10,Tuesday,19:00,LAL,115,DAL,125,10,0,
2022_0641_LAL_HOU,2022-23,REG,2023-01-10,Tuesday,19:30,HOU,111,LAL,98,-13,0,
2022_0642_LAL_HOU,2022-23,REG,2023-01-10,Tuesday,19:30,HOU,108,LAL,95,-13,0,
2022_0643_HOU_LAL,2022-23,REG,2023-01-10,Tuesday,22:00,LAL,96,HOU,125,29,0,
2022_0644_LAL_MEM,2022-23,REG,2023-01-10,Tuesday,19:00,MEM,102,LAL,100,-2,0,
2022_0645_MEM_LAL,2022-23,REG,2023-01-11,Wednesday,19:30,LAL,130,MEM,120,-10,0,
2022_0646_MEM_LAL,2022-23,REG,2023-01-11,Wednesday,22:00,LAL,112,MEM,123,11,0,
2022_0647_LAL_NOP,2022-23,REG,2023-01-11,Wednesday,19:00,NOP,117,LAL,96,-21,0,
2022_0648_LAL_NOP,2022-23,REG,2023-01-11,Wednesday,19:00,NOP,96,LAL,105,9,0,
2022_0649_NOP_LAL,2022-23,REG,2023-01-11,Wednesday,19:00,LAL,117,NOP,115,-2,1,
2022_0650_NOP_LAL,2022-23,REG,2023-01-11,Wednesday,19:00,LAL,125,NOP,117,-8,0,
2022_0651_LAL_SAS,2022-23,REG,2023-01-11,Wednesday,19:30,SAS,127,LAL,104,-23,0,
2022_0652_LAL_SAS,2022-23,REG,2023-01-12,Thursday,19:00,SAS,128,LAL,99,-29,0,
2022_0653_SAS_LAL,2022-23,REG,2023-01-12,Thursday,22:00,LAL,123,SAS,112,-11,0,
2022_0654_SAS_LAL,2022-23,REG,2023-01-12,Thursday,19:00,LAL,119,SAS,104,-15,0,
2022_0655_PHX_DAL,2022-23,REG,2023-01-12,Thursday,22:00,DAL,127,PHX,120,-7,0,
2022_0656_PHX_DAL,2022-23,REG,2023-01-13,Friday,22:00,DAL,120,PHX,98,-22,0,
2022_0657_DAL_PHX,2022-23,REG,2023-01-13,Friday,22:00,PHX,106,DAL,108,2,0,
2022_0658_PHX_HOU,2022-23,REG,2023-01-13,Friday,19:00,HOU,101,PHX,122,21,0,
2022_0659_HOU_PHX,2022-23,REG,2023-01-13,Friday,22:00,PHX,117,HOU,100,-17,0,
2022_0660_HOU_PHX,2022-23,REG,2023-01-13,Friday,22:00,PHX,97,HOU,112,15,0,
2022_0661_PHX_MEM,2022-23,REG,2023-01-13,Friday,19:00,MEM,106,PHX,119,13,0,
2022_0662_PHX_MEM,2022-23,REG,2023-01-13,Friday,19:30,MEM,127,PHX,126,-1,0,
2022_0663_MEM_PHX,2022-23,REG,2023-01-13,Friday,22:00,PHX,127,MEM,96,-31,0,
2022_0664_MEM_PHX,2022-23,REG,2023-01-13,Friday,19:30,PHX,98,MEM,129,31,0,
2022_0665_PHX_NOP,2022-23,REG,2023-01-13,Friday,22:00,NOP,127,PHX,120,-7,0,
2022_0666_PHX_NOP,2022-23,REG,2023-01-13,Friday,19:30,NOP,100,PHX,107,7,0,
2022_0667_NOP_PHX,2022-23,REG,2023-01-14,Saturday,19:00,PHX,104,NOP,102,-2,0,
2022_0668_NOP_PHX,2022-23,REG,2023-01-14,Saturday,19:00,PHX,124,NOP,102,-22,0,
2022_0669_PHX_SAS,2022-23,REG,2023-01-14,Saturday,19:00,SAS,103,PHX,116,13,0,
2022_0670_PHX_SAS,2022-23,REG,2023-01-14,Saturday,19:00,SAS,104,PHX,130,26,0,
2022_0671_SAS_PHX,2022-23,REG,2023-01-14,Saturday,19:00,PHX,108,SAS,105,-3,0,
2022_0672_SAS_PHX,2022-23,REG,2023-01-14,Saturday,19:30,PHX,106,SAS,100,-6,0,
2022_0673_SAC_DAL,2022-23,REG,2023-01-14,Saturday,19:30,DAL,119,SAC,116,-3,0,
2022_0674_DAL_SAC,2022-23,REG,2023-01-14,Saturday,19:00,SAC,117,DAL,103,-14,0,
2022_0675_DAL_SAC,2022-23,REG,2023-01-15,Sunday,15:00,SAC,108,DAL,95,-13,0,
2022_0676_SAC_HOU,2022-23,REG,2023-01-15,Sunday,15:00,HOU,117,SAC,128,11,0,
2022_0677_SAC_HOU,2022-23,REG,2023-01-15,Sunday,17:00,HOU,102,SAC,122,20,0,
2022_0678_HOU_SAC,2022-23,REG,2023-01-15,Sunday,15:00,SAC,106,HOU,122,16,0,
2022_0679_HOU_SAC,2022-23,REG,2023-01-15,Sunday,19:30,SAC,102,HOU,124,22,0,
2022_0680_SAC_MEM,2022-23,REG,2023-01-15,Sunday,15:00,MEM,100,SAC,111,11,0,
2022_0681_SAC_MEM,2022-23,REG,2023-01-15,Sunday,17:00,MEM,112,SAC,107,-5,0,
2022_0682_MEM_SAC,2022-23,REG,2023-01-16,Monday,19:00,SAC,126,MEM,106,-20,0,
2022_0683_MEM_SAC,2022-23,REG,2023-01-16,Monday,19:00,SAC,107,MEM,126,19,0,
2022_0684_SAC_NOP,2022-23,REG,2023-01-16,Monday,19:00,NOP,107,SAC,104,-3,0,
2022_0685_SAC_NOP,2022-23,REG,2023-01-16,Monday,19:00,NOP,109,SAC,126,17,0,
2022_0686_NOP_SAC,2022-23,REG,2023-01-16,Monday,19:00,SAC,111,NOP,126,15,0,
2022_0687_NOP_SAC,2022-23,REG,2023-01-16,Monday,22:00,SAC,101,NOP,106,5,0,
2022_0688_SAC_SAS,2022-23,REG,2023-01-16,Monday,22:00,SAS,104,SAC,114,10,0,
2022_0689_SAC_SAS,2022-23,REG,2023-01-16,Monday,19:00,SAS,111,SAC,95,-16,0,
2022_0690_SAS_SAC,2022-23,REG,2023-01-17,Tuesday,22:00,SAC,97,SAS,106,9,0,
2022_0691_DEN_DAL,2022-23,REG,2023-01-17,Tuesday,19:00,DAL,110,DEN,123,13,0,
2022_0692_DEN_DAL,2022-23,REG,2023-01-17,Tuesday,19:00,DAL,111,DEN,125,14,0,
2022_0693_DAL_DEN,2022-23,REG,2023-01-17,Tuesday,19:00,DEN,118,DAL,102,-16,0,
2022_0694_DAL_DEN,2022-23,REG,2023-01-17,Tuesday,22:00,DEN,124,DAL,127,3,1,
2022_0695_DEN_HOU,2022-23,REG,2023-01-18,Wednesday,19:30,HOU,104,DEN,113,9,0,
2022_0696_DEN_HOU,2022-23,REG,2023-01-18,Wednesday,22:00,HOU,98,DEN,116,18,0,
2022_0697_HOU_DEN,2022-23,REG,2023-01-18,Wednesday,22:00,DEN,103,HOU,116,13,0,
2022_0698_HOU_DEN,2022-23,REG,2023-01-19,Thursday,19:00,DEN,109,HOU,116,7,0,
2022_0699_DEN_MEM,2022-23,REG,2023-01-19,Thursday,22:00,MEM,118,DEN,95,-23,0,
2022_0700_DEN_MEM,2022-23,REG,2023-01-19,Thursday,22:00,MEM,130,DEN,117,-13,0,
2022_0701_MEM_DEN,2022-23,REG,2023-01-19,Thursday,19:00,DEN,126,MEM,126,0,0,
2022_0702_MEM_DEN,2022-23,REG,2023-01-19,Thursday,22:00,DEN,120,MEM,109,-11,0,
2022_0703_DEN_NOP,2022-23,REG,2023-01-19,Thursday,19:00,NOP,106,DEN,113,7,0,
2022_0704_DEN_NOP,2022-23,REG,2023-01-19,Thursday,22:00,NOP,108,DEN,126,18,0,
2022_0705_NOP_DEN,2022-23,REG,2023-01-19,Thursday,19:00,DEN,117,NOP,124,7,0,
2022_0706_DEN_SAS,2022-23,REG,2023-01-19,Thursday,19:00,SAS,104,DEN,124,20,0,
2022_0707_SAS_DEN,2022-23,REG,2023-01-20,Friday,19:00,DEN,128,SAS,109,-19,0,
2022_0708_SAS_DEN,2022-23,REG,2023-01-20,Friday,22:00,DEN,122,SAS,101,-21,0,
2022_0709_MIN_DAL,2022-23,REG,2023-01-20,Friday,22:00,DAL,103,MIN,99,-4,0,
2022_0710_MIN_DAL,2022-23,REG,2023-01-20,Friday,19:00,DAL,100,MIN,104,4,0,
2022_0711_DAL_MIN,2022-23,REG,2023-01-20,Friday,22:00,MIN,115,DAL,110,-5,0,
2022_0712_DAL_MIN,2022-23,REG,2023-01-20,Friday,19:00,MIN,101,DAL,101,0,0,
2022_0713_MIN_HOU,2022-23,REG,2023-01-20,Friday,22:00,HOU,110,MIN,99,-11,0,
2022_0714_MIN_HOU,2022-23,REG,2023-01-20,Friday,22:00,HOU,98,MIN,108,10,0,
2022_0715_HOU_MIN,2022-23,REG,2023-01-21,Saturday,22:00,MIN,96,HOU,101,5,0,
2022_0716_HOU_MIN,2022-23,REG,2023-01-21,Saturday,19:30,MIN,116,HOU,125,9,0,
2022_0717_MIN_MEM,2022-23,REG,2023-01-21,Saturday,19:30,MEM,118,MIN,107,-11,0,
2022_0718_MIN_MEM,2022-23,REG,2023-01-21,Saturday,22:30,MEM,106,MIN,97,-9,0,
2022_0719_MEM_MIN,2022-23,REG,2023-01-21,Saturday,19:30,MIN,120,MEM,111,-9,0,
2022_0720_MIN_NOP,2022-23,REG,2023-01-21,Saturday,19:00,NOP,128,MIN,112,-16,0,
2022_0721_NOP_MIN,2022-23,REG,2023-01-21,Saturday,19:00,MIN,101,NOP,113,12,0,
2022_0722_NOP_MIN,2022-23,REG,2023-01-21,Saturday,22:30,MIN,108,NOP,105,-3,0,
2022_0723_MIN_SAS,2022-23,REG,2023-01-21,Saturday,22:00,SAS,106,MIN,103,-3,0,
2022_0724_MIN_SAS,2022-23,REG,2023-01-21,Saturday,22:30,SAS,97,MIN,105,8,0,
2022_0725_SAS_MIN,2022-23,REG,2023-01-21,Saturday,19:00,MIN,125,SAS,130,5,0,
2022_0726_SAS_MIN,2022-23,REG,2023-01-21,Saturday,22:30,MIN,128,SAS,110,-18,0,
2022_0727_OKC_DAL,2022-23,REG,2023-01-22,Sunday,17:00,DAL,125,OKC,115,-10,0,
2022_0728_OKC_DAL,2022-23,REG,2023-01-22,Sunday,19:30,DAL,114,OKC,98,-16,0,
2022_0729_DAL_OKC,2022-23,REG,2023-01-22,Sunday,15:00,OKC,101,DAL,108,7,0,
2022_0730_DAL_OKC,2022-23,REG,2023-01-22,Sunday,15:00,OKC,125,DAL,110,-15,0,
2022_0731_OKC_HOU,2022-23,REG,2023-01-22,Sunday,15:00,HOU,128,OKC,95,-33,0,
2022_0732_OKC_HOU,2022-23,REG,2023-01-22,Sunday,15:00,HOU,130,OKC,117,-13,0,
2022_0733_HOU_OKC,2022-23,REG,2023-01-22,Sunday,17:00,OKC,128,HOU,123,-5,0,
2022_0734_OKC_MEM,2022-23,REG,2023-01-22,Sunday,19:30,MEM,125,OKC,108,-17,0,
2022_0735_MEM_OKC,2022-23,REG,2023-01-22,Sunday,19:30,OKC,102,MEM,105,3,0,
2022_0736_MEM_OKC,2022-23,REG,2023-01-22,Sunday,17:00,OKC,122,MEM,102,-20,0,
2022_0737_OKC_NOP,2022-23,REG,2023-01-22,Sunday,15:00,NOP,106,OKC,130,24,0,
2022_0738_OKC_NOP,2022-23,REG,2023-01-22,Sunday,19:30,NOP,119,OKC,103,-16,0,
2022_0739_NOP_OKC,2022-23,REG,2023-01-23,Monday,19:00,OKC,128,NOP,98,-30,0,
2022_0740_NOP_OKC,2022-23,REG,2023-01-23,Monday,19:00,OKC,108,NOP,95,-13,0,
2022_0741_OKC_SAS,2022-23,REG,2023-01-23,Monday,19:00,SAS,99,OKC,123,24,0,
2022_0742_OKC_SAS,2022-23,REG,2023-01-23,Monday,19:00,SAS,101,OKC,118,17,0,
2022_0743_SAS_OKC,2022-23,REG,2023-01-23,Monday,19:00,OKC,99,SAS,109,10,0,
2022_0744_SAS_OKC,2022-23,REG,2023-01-23,Monday,19:00,OKC,129,SAS,123,-6,0,
2022_0745_POR_DAL,2022-23,REG,2023-01-24,Tuesday,19:30,DAL,112,POR,114,2,0,
2022_0746_POR_DAL,2022-23,REG,2023-01-24,Tuesday,22:00,DAL,130,POR,129,-1,0,
2022_0747_DAL_POR,2022-23,REG,2023-01-24,Tuesday,22:00,POR,129,DAL,110,-19,0,
2022_0748_POR_HOU,2022-23,REG,2023-01-24,Tuesday,19:00,HOU,107,POR,95,-12,0,
2022_0749_HOU_POR,2022-23,REG,2023-01-24,Tuesday,19:00,POR,112,HOU,123,11,0,
2022_0750_HOU_POR,2022-23,REG,2023-01-24,Tuesday,19:00,POR,109,HOU,123,14,0,
2022_0751_POR_MEM,2022-23,REG,2023-01-24,Tuesday,19:00,MEM,102,POR,129,27,0,
2022_0752_POR_MEM,2022-23,REG,2023-01-25,Wednesday,19:00,MEM,109,POR,101,-8,0,
2022_0753_MEM_POR,2022-23,REG,2023-01-25,Wednesday,22:00,POR,123,MEM,108,-15,0,
2022_0754_MEM_POR,2022-23,REG,2023-01-25,Wednesday,19:00,POR,111,MEM,98,-13,0,
2022_0755_POR_NOP,2022-23,REG,2023-01-25,Wednesday,22:00,NOP,120,POR,112,-8,0,
2022_0756_POR_NOP,2022-23,REG,2023-01-26,Thursday,22:00,NOP,114,POR,105,-9,0,
2022_0757_NOP_POR,2022-23,REG,2023-01-26,Thursday,19:00,POR,115,NOP,118,3,0,
2022_0758_NOP_POR,2022-23,REG,2023-01-26,Thursday,19:00,POR,126,NOP,123,-3,0,
2022_0759_POR_SAS,2022-23,REG,2023-01-26,Thursday,19:00,SAS,95,POR,95,0,0,
2022_0760_POR_SAS,2022-23,REG,2023-01-26,Thursday,19:00,SAS,117,POR,109,-8,0,
2022_0761_SAS_POR,2022-23,REG,2023-01-26,Thursday,19:00,POR,127,SAS,115,-12,0,
2022_0762_SAS_POR,2022-23,REG,2023-01-26,Thursday,19:00,POR,103,SAS,128,25,0,
2022_0763_UTA_DAL,2022-23,REG,2023-01-26,Thursday,19:00,DAL,111,UTA,108,-3,0,
2022_0764_DAL_UTA,2022-23,REG,2023-01-26,Thursday,19:00,UTA,102,DAL,101,-1,0,
2022_0765_DAL_UTA,2022-23,REG,2023-01-27,Friday,19:00,UTA,130,DAL,96,-34,0,
2022_0766_UTA_HOU,2022-23,REG,2023-01-27,Friday,22:00,HOU,109,UTA,106,-3,0,
2022_0767_UTA_HOU,2022-23,REG,2023-01-27,Friday,19:30,HOU,98,UTA,115,17,0,
2022_0768_HOU_UTA,2022-23,REG,2023-01-27,Friday,19:00,UTA,129,HOU,103,-26,0,
2022_0769_HOU_UTA,2022-23,REG,2023-01-27,Friday,19:30,UTA,126,HOU,112,-14,0,
2022_0770_UTA_MEM,2022-23,REG,2023-01-27,Friday,22:00,MEM,130,UTA,125,-5,0,
2022_0771_UTA_MEM,2022-23,REG,2023-01-27,Friday,22:00,MEM,116,UTA,105,-11,0,
2022_0772_MEM_UTA,2022-23,REG,2023-01-27,Friday,19:30,UTA,126,MEM,127,1,0,
2022_0773_MEM_UTA,2022-23,REG,2023-01-28,Saturday,19:30,UTA,124,MEM,109,-15,0,
2022_0774_UTA_NOP,2022-23,REG,2023-01-28,Saturday,19:30,NOP,118,UTA,99,-19,0,
2022_0775_UTA_NOP,2022-23,REG,2023-01-28,Saturday,19:30,NOP,113,UTA,122,9,0,
2022_0776_NOP_UTA,2022-23,REG,2023-01-28,Saturday,22:30,UTA,115,NOP,101,-14,0,
2022_0777_NOP_UTA,2022-23,REG,2023-01-29,Sunday,15:00,UTA,108,NOP,110,2,0,
2022_0778_UTA_SAS,2022-23,REG,2023-01-29,Sunday,15:00,SAS,96,UTA,123,27,0,
2022_0779_UTA_SAS,2022-23,REG,2023-01-29,Sunday,17:00,SAS,121,UTA,119,-2,0,
2022_0780_SAS_UTA,2022-23,REG,2023-01-29,Sunday,17:00,UTA,98,SAS,126,28,0,
2022_0781_ATL_DAL,2022-23,REG,2023-01-29,Sunday,17:00,DAL,108,ATL,120,12,0,
2022_0782_DAL_ATL,2022-23,REG,2023-01-29,Sunday,15:00,ATL,100,DAL,109,9,0,
2022_0783_DEN_ATL,2022-23,REG,2023-01-30,Monday,19:00,ATL,99,DEN,101,2,0,
2022_0784_ATL_DEN,2022-23,REG,2023-01-30,Monday,22:00,DEN,101,ATL,100,-1,0,
2022_0785_ATL_GSW,2022-23,REG,2023-01-30,Monday,19:00,GSW,116,ATL,116,0,0,
2022_0786_GSW_ATL,2022-23,REG,2023-01-30,Monday,19:00,ATL,110,GSW,96,-14,0,
2022_0787_HOU_ATL,2022-23,REG,2023-01-30,Monday,19:00,ATL,108,HOU,126,18,0,
2022_0788_ATL_HOU,2022-23,REG,2023-01-30,Monday,22:00,HOU,107,ATL,102,-5,0,
2022_0789_ATL_LAC,2022-23,REG,2023-01-30,Monday,19:00,LAC,98,ATL,111,13,0,
2022_0790_LAC_ATL,2022-23,REG,2023-01-30,Monday,19:00,ATL,126,LAC,109,-17,0,
2022_0791_LAL_ATL,2022-23,REG,2023-01-31,Tuesday,19:00,ATL,99,LAL,126,27,0,
2022_0792_ATL_LAL,2022-23,REG,2023-01-31,Tuesday,22:00,LAL,95,ATL,124,29,0,
2022_0793_ATL_MEM,2022-23,REG,2023-01-31,Tuesday,19:00,MEM,126,ATL,108,-18,0,
2022_0794_MEM_ATL,2022-23,REG,2023-01-31,Tuesday,19:00,ATL,96,MEM,108,12,0,
2022_0795_MIN_ATL,2022-23,REG,2023-01-31,Tuesday,19:00,ATL,101,MIN,121,20,0,
2022_0796_ATL_MIN,2022-23,REG,2023-01-31,Tuesday,19:30,MIN,103,ATL,129,26,0,
2022_0797_ATL_NOP,2022-23,REG,2023-02-01,Wednesday,19:30,NOP,95,ATL,98,3,0,
2022_0798_NOP_ATL,2022-23,REG,2023-02-01,Wednesday,19:30,ATL,128,NOP,118,-10,0,
2022_0799_OKC_ATL,2022-23,REG,2023-02-01,Wednesday,22:00,ATL,97,OKC,103,6,0,
2022_0800_ATL_OKC,2022-23,REG,2023-02-01,Wednesday,19:00,OKC,104,ATL,125,21,0,
2022_0801_ATL_PHX,2022-23,REG,2023-02-01,Wednesday,19:00,PHX,120,ATL,101,-19,0,
2022_0802_PHX_ATL,2022-23,REG,2023-02-01,Wednesday,22:00,ATL,112,PHX,106,-6,0,
2022_0803_POR_ATL,2022-23,REG,2023-02-02,Thursday,22:00,ATL,114,POR,123,9,0,
2022_0804_ATL_POR,2022-23,REG,2023-02-02,Thursday,22:00,POR,114,ATL,103,-11,0,
2022_0805_ATL_SAC,2022-23,REG,2023-02-02,Thursday,22:00,SAC,130,ATL,122,-8,0,
2022_0806_SAC_ATL,2022-23,REG,2023-02-02,Thursday,19:00,ATL,125,SAC,112,-13,0,
2022_0807_SAS_ATL,2022-23,REG,2023-02-03,Friday,22:00,ATL,104,SAS,110,6,0,
2022_0808_ATL_SAS,2022-23,REG,2023-02-03,Friday,22:00,SAS,115,ATL,118,3,1,
2022_0809_ATL_UTA,2022-23,REG,2023-02-03,Friday,22:00,UTA,116,ATL,122,6,0,
2022_0810_UTA_ATL,2022-23,REG,2023-02-03,Friday,22:00,ATL,96,UTA,103,7,0,
2022_0811_DAL_BKN,2022-23,REG,2023-02-03,Friday,22:00,BKN,109,DAL,116,7,0,
2022_0812_BKN_DAL,2022-23,REG,2023-02-03,Friday,19:00,DAL,123,BKN,119,-4,0,
2022_0813_BKN_DEN,2022-23,REG,2023-02-03,Friday,22:00,DEN,103,BKN,102,-1,1,
2022_0814_DEN_BKN,2022-23,REG,2023-02-03,Friday,19:30,BKN,105,DEN,123,18,0,
2022_0815_GSW_BKN,2022-23,REG,2023-02-04,Saturday,22:00,BKN,117,GSW,97,-20,0,
2022_0816_BKN_GSW,2022-23,REG,2023-02-04,Saturday,19:00,GSW,130,BKN,125,-5,0,
2022_0817_BKN_HOU,2022-23,REG,2023-02-04,Saturday,19:00,HOU,109,BKN,96,-13,0,
2022_0818_HOU_BKN,2022-23,REG,2023-02-04,Saturday,19:00,BKN,115,HOU,115,0,1,
2022_0819_LAC_BKN,2022-23,REG,2023-02-04,Saturday,22:30,BKN,101,LAC,129,28,0,
2022_0820_BKN_LAC,2022-23,REG,2023-02-04,Saturday,19:00,LAC,129,BKN,121,-8,0,
2022_0821_BKN_LAL,2022-23,REG,2023-02-04,Saturday,22:00,LAL,112,BKN,111,-1,0,
2022_0822_LAL_BKN,2022-23,REG,2023-02-04,Saturday,22:00,BKN,123,LAL,115,-8,0,
2022_0823_MEM_BKN,2022-23,REG,2023-02-04,Saturday,19:30,BKN,100,MEM,129,29,0,
2022_0824_BKN_MEM,2022-23,REG,2023-02-05,Sunday,15:00,MEM,111,BKN,123,12,0,
2022_0825_BKN_MIN,2022-23,REG,2023-02-05,Sunday,15:00,MIN,106,BKN,113,7,0,
2022_0826_MIN_BKN,2022-23,REG,2023-02-05,Sunday,17:00,BKN,115,MIN,97,-18,0,
2022_0827_NOP_BKN,2022-23,REG,2023-02-05,Sunday,15:00,BKN,98,NOP,111,13,0,
2022_0828_BKN_NOP,2022-23,REG,2023-02-05,Sunday,15:00,NOP,100,BKN,118,18,0,
2022_0829_BKN_OKC,2022-23,REG,2023-02-05,Sunday,19:30,OKC,115,BKN,118,3,0,
2022_0830_OKC_BKN,2022-23,REG,2023-02-05,Sunday,17:00,BKN,95,OKC,112,17,0,
2022_0831_PHX_BKN,2022-23,REG,2023-02-05,Sunday,19:30,BKN,98,PHX,106,8,0,
2022_0832_BKN_PHX,2022-23,REG,2023-02-06,Monday,22:00,PHX,120,BKN,102,-18,0,
2022_0833_BKN_POR,2022-23,REG,2023-02-06,Monday,19:00,POR,115,BKN,126,11,0,
2022_0834_POR_BKN,2022-23,REG,2023-02-06,Monday,19:00,BKN,97,POR,110,13,0,
2022_0835_SAC_BKN,2022-23,REG,2023-02-06,Monday,22:00,BKN,99,SAC,96,-3,0,
2022_0836_BKN_SAC,2022-23,REG,2023-02-06,Monday,22:00,SAC,100,BKN,111,11,0,
2022_0837_BKN_SAS,2022-23,REG,2023-02-06,Monday,19:00,SAS,97,BKN,114,17,0,
2022_0838_SAS_BKN,2022-23,REG,2023-02-06,Monday,19:00,BKN,129,SAS,117,-12,0,
2022_0839_UTA_BKN,2022-23,REG,2023-02-06,Monday,22:00,BKN,119,UTA,98,-21,0,
2022_0840_BKN_UTA,2022-23,REG,2023-02-07,Tuesday,19:30,UTA,96,BKN,125,29,0,
2022_0841_BOS_DAL,2022-23,REG,2023-02-07,Tuesday,22:00,DAL,111,BOS,99,-12,0,
2022_0842_DAL_BOS,2022-23,REG,2023-02-07,Tuesday,22:00,BOS,122,DAL,112,-10,0,
2022_0843_DEN_BOS,2022-23,REG,2023-02-07,Tuesday,19:30,BOS,114,DEN,117,3,0,
2022_0844_BOS_DEN,2022-23,REG,2023-02-08,Wednesday,22:00,DEN,98,BOS,95,-3,1,
2022_0845_BOS_GSW,2022-23,REG,2023-02-08,Wednesday,19:00,GSW,97,BOS,113,16,0,
2022_0846_GSW_BOS,2022-23,REG,2023-02-08,Wednesday,19:30,BOS,113,GSW,96,-17,0,
2022_0847_HOU_BOS,2022-23,REG,2023-02-08,Wednesday,22:00,BOS,111,HOU,121,10,0,
2022_0848_BOS_HOU,2022-23,REG,2023-02-08,Wednesday,19:30,HOU,111,BOS,117,6,0,
2022_0849_BOS_LAC,2022-23,REG,2023-02-08,Wednesday,19:30,LAC,119,BOS,124,5,0,
2022_0850_LAC_BOS,2022-23,REG,2023-02-08,Wednesday,19:00,BOS,108,LAC,128,20,0,
2022_0851_LAL_BOS,2022-23,REG,2023-02-08,Wednesday,19:00,BOS,129,LAL,113,-16,0,
2022_0852_BOS_LAL,2022-23,REG,2023-02-09,Thursday,22:00,LAL,117,BOS,123,6,0,
2022_0853_BOS_MEM,2022-23,REG,2023-02-09,Thursday,19:00,MEM,118,BOS,105,-13,0,
2022_0854_MEM_BOS,2022-23,REG,2023-02-09,Thursday,22:00,BOS,96,MEM,121,25,0,
2022_0855_MIN_BOS,2022-23,REG,2023-02-09,Thursday,19:00,BOS,130,MIN,113,-17,0,
2022_0856_BOS_MIN,2022-23,REG,2023-02-09,Thursday,19:00,MIN,113,BOS,104,-9,0,
2022_0857_BOS_NOP,2022-23,REG,2023-02-09,Thursday,19:00,NOP,122,BOS,120,-2,0,
2022_0858_NOP_BOS,2022-23,REG,2023-02-09,Thursday,19:00,BOS,122,NOP,123,1,1,
2022_0859_OKC_BOS,2022-23,REG,2023-02-09,Thursday,19:00,BOS,128,OKC,107,-21,0,
2022_0860_BOS_OKC,2022-23,REG,2023-02-09,Thursday,19:00,OKC,125,BOS,97,-28,0,
2022_0861_BOS_PHX,2022-23,REG,2023-02-09,Thursday,19:00,PHX,100,BOS,116,16,0,
2022_0862_PHX_BOS,2022-23,REG,2023-02-09,Thursday,22:00,BOS,127,PHX,100,-27,0,
2022_0863_POR_BOS,2022-23,REG,2023-02-09,Thursday,22:00,BOS,105,POR,102,-3,0,
2022_0864_BOS_POR,2022-23,REG,2023-02-10,Friday,19:30,POR,119,BOS,101,-18,0,
2022_0865_BOS_SAC,2022-23,REG,2023-02-10,Friday,22:00,SAC,106,BOS,117,11,0,
2022_0866_SAC_BOS,2022-23,REG,2023-02-10,Friday,22:00,BOS,98,SAC,118,20,0,
2022_0867_SAS_BOS,2022-23,REG,2023-02-11,Saturday,22:00,BOS,102,SAS,130,28,0,
2022_0868_BOS_SAS,2022-23,REG,2023-02-11,Saturday,22:00,SAS,116,BOS,118,2,0,
2022_0869_BOS_UTA,2022-23,REG,2023-02-11,Saturday,19:00,UTA,110,BOS,114,4,0,
2022_0870_UTA_BOS,2022-23,REG,2023-02-11,Saturday,22:30,BOS,116,UTA,101,-15,0,
2022_0871_DAL_CHA,2022-23,REG,2023-02-11,Saturday,22:30,CHA,123,DAL,96,-27,0,
2022_0872_CHA_DAL,2022-23,REG,2023-02-11,Saturday,19:00,DAL,126,CHA,99,-27,0,
2022_0873_CHA_DEN,2022-23,REG,2023-02-11,Saturday,19:30,DEN,99,CHA,111,12,0,
2022_0874_DEN_CHA,2022-23,REG,2023-02-11,Saturday,22:00,CHA,112,DEN,122,10,0,
2022_0875_GSW_CHA,2022-23,REG,2023-02-12,Sunday,19:30,CHA,125,GSW,125,0,0,
2022_0876_CHA_GSW,2022-23,REG,2023-02-12,Sunday,15:00,GSW,107,CHA,119,12,0,
2022_0877_CHA_HOU,2022-23,REG,2023-02-12,Sunday,15:00,HOU,97,CHA,101,4,0,
2022_0878_HOU_CHA,2022-23,REG,2023-02-12,Sunday,17:00,CHA,105,HOU,109,4,0,
2022_0879_LAC_CHA,2022-23,REG,2023-02-12,Sunday,19:30,CHA,102,LAC,110,8,0,
2022_0880_CHA_LAC,2022-23,REG,2023-02-13,Monday,19:00,LAC,120,CHA,124,4,0,
2022_0881_CHA_LAL,2022-23,REG,2023-02-13,Monday,22:00,LAL,98,CHA,125,27,0,
2022_0882_LAL_CHA,2022-23,REG,2023-02-13,Monday,19:00,CHA,118,LAL,105,-13,0,
2022_0883_MEM_CHA,2022-23,REG,2023-02-13,Monday,19:00,CHA,119,MEM,114,-5,0,
2022_0884_CHA_MEM,2022-23,REG,2023-02-13,Monday,19:00,MEM,121,CHA,101,-20,0,
2022_0885_CHA_MIN,2022-23,REG,2023-02-13,Monday,19:00,MIN,111,CHA,127,16,0,
2022_0886_MIN_CHA,2022-23,REG,2023-02-13,Monday,19:00,CHA,112,MIN,113,1,0,
2022_0887_NOP_CHA,2022-23,REG,2023-02-13,Monday,19:00,CHA,113,NOP,121,8,0,
2022_0888_CHA_NOP,2022-23,REG,2023-02-13,Monday,22:00,NOP,127,CHA,118,-9,0,
2022_0889_CHA_OKC,2022-23,REG,2023-02-13,Monday,19:00,OKC,111,CHA,106,-5,0,
2022_0890_OKC_CHA,2022-23,REG,2023-02-13,Monday,19:00,CHA,100,OKC,114,14,0,
2022_0891_PHX_CHA,2022-23,REG,2023-02-13,Monday,19:00,CHA,109,PHX,129,20,0,
2022_0892_CHA_PHX,2022-23,REG,2023-02-13,Monday,22:00,PHX,127,CHA,106,-21,0,
2022_0893_CHA_POR,2022-23,REG,2023-02-13,Monday,19:00,POR,100,CHA,99,-1,0,
2022_0894_POR_CHA,2022-23,REG,2023-02-14,Tuesday,19:00,CHA,123,POR,110,-13,0,
2022_0895_SAC_CHA,2022-23,REG,2023-02-14,Tuesday,22:00,CHA,112,SAC,103,-9,0,
2022_0896_CHA_SAC,2022-23,REG,2023-02-14,Tuesday,19:00,SAC,126,CHA,112,-14,0,
2022_0897_CHA_SAS,2022-23,REG,2023-02-14,Tuesday,19:00,SAS,124,CHA,105,-19,0,
2022_0898_SAS_CHA,2022-23,REG,2023-02-14,Tuesday,19:30,CHA,100,SAS,115,15,0,
2022_0899_UTA_CHA,2022-23,REG,2023-02-14,Tuesday,19:30,CHA,114,UTA,112,-2,0,
2022_0900_CHA_UTA,2022-23,REG,2023-02-14,Tuesday,19:00,UTA,96,CHA,114,18,0,
2022_0901_CHI_DAL,2022-23,REG,2023-02-14,Tuesday,22:00,DAL,114,CHI,95,-19,0,
2022_0902_DAL_CHI,2022-23,REG,2023-02-15,Wednesday,19:30,CHI,116,DAL,119,3,0,
2022_0903_DEN_CHI,2022-23,REG,2023-02-15,Wednesday,22:00,CHI,111,DEN,129,18,0,
2022_0904_CHI_DEN,2022-23,REG,2023-02-15,Wednesday,22:00,DEN,110,CHI,120,10,0,
2022_0905_CHI_GSW,2022-23,REG,2023-02-15,Wednesday,19:00,GSW,113,CHI,104,-9,0,
2022_0906_GSW_CHI,2022-23,REG,2023-02-15,Wednesday,22:00,CHI,127,GSW,130,3,0,
2022_0907_HOU_CHI,2022-23,REG,2023-02-15,Wednesday,22:00,CHI,125,HOU,96,-29,0,
2022_0908_CHI_HOU,2022-23,REG,2023-02-15,Wednesday,22:00,HOU,125,CHI,110,-15,0,
2022_0909_CHI_LAC,2022-23,REG,2023-02-15,Wednesday,19:00,LAC,125,CHI,120,-5,0,
2022_0910_LAC_CHI,2022-23,REG,2023-02-16,Thursday,19:00,CHI,111,LAC,121,10,0,
2022_0911_LAL_CHI,2022-23,REG,2023-02-16,Thursday,22:00,CHI,108,LAL,125,17,0,
2022_0912_CHI_LAL,2022-23,REG,2023-02-16,Thursday,22:00,LAL,128,CHI,123,-5,0,
2022_0913_CHI_MEM,2022-23,REG,2023-02-16,Thursday,19:00,MEM,115,CHI,97,-18,0,
2022_0914_MEM_CHI,2022-23,REG,2023-02-16,Thursday,19:00,CHI,112,MEM,110,-2,0,
2022_0915_MIN_CHI,2022-23,REG,2023-02-24,Friday,19:00,CHI,102,MIN,117,15,0,
2022_0916_CHI_MIN,2022-23,REG,2023-02-24,Friday,19:30,MIN,129,CHI,101,-28,0,
2022_0917_CHI_NOP,2022-23,REG,2023-02-24,Friday,19:30,NOP,102,CHI,124,22,0,
2022_0918_NOP_CHI,2022-23,REG,2023-02-24,Friday,19:30,CHI,103,NOP,122,19,0,
2022_0919_OKC_CHI,2022-23,REG,2023-02-24,Friday,19:30,CHI,123,OKC,129,6,0,
2022_0920_CHI_OKC,2022-23,REG,2023-02-25,Saturday,22:30,OKC,123,CHI,114,-9,0,
2022_0921_CHI_PHX,2022-23,REG,2023-02-25,Saturday,19:30,PHX,124,CHI,122,-2,0,
2022_0922_PHX_CHI,2022-23,REG,2023-02-25,Saturday,22:30,CHI,98,PHX,120,22,0,
2022_0923_POR_CHI,2022-23,REG,2023-02-25,Saturday,22:00,CHI,102,POR,100,-2,0,
2022_0924_CHI_POR,2022-23,REG,2023-02-25,Saturday,22:00,POR,105,CHI,118,13,0,
2022_0925_CHI_SAC,2022-23,REG,2023-02-25,Saturday,19:00,SAC,111,CHI,119,8,0,
2022_0926_SAC_CHI,2022-23,REG,2023-02-25,Saturday,19:30,CHI,116,SAC,103,-13,0,
2022_0927_SAS_CHI,2022-23,REG,2023-02-25,Saturday,19:00,CHI,102,SAS,108,6,0,
2022_0928_CHI_SAS,2022-23,REG,2023-02-25,Saturday,22:00,SAS,122,CHI,123,1,0,
2022_0929_CHI_UTA,2022-23,REG,2023-02-25,Saturday,19:00,UTA,95,CHI,126,31,0,
2022_0930_UTA_CHI,2022-23,REG,2023-02-26,Sunday,19:30,CHI,117,UTA,128,11,0,
2022_0931_DAL_CLE,2022-23,REG,2023-02-26,Sunday,15:00,CLE,123,DAL,121,-2,0,
2022_0932_CLE_DAL,2022-23,REG,2023-02-26,Sunday,17:00,DAL,96,CLE,102,6,0,
2022_0933_CLE_DEN,2022-23,REG,2023-02-26,Sunday,19:30,DEN,122,CLE,118,-4,0,
2022_0934_DEN_CLE,2022-23,REG,2023-02-26,Sunday,19:30,CLE,121,DEN,108,-13,0,
2022_0935_GSW_CLE,2022-23,REG,2023-02-26,Sunday,19:30,CLE,97,GSW,126,29,0,
2022_0936_CLE_GSW,2022-23,REG,2023-02-26,Sunday,17:00,GSW,112,CLE,114,2,0,
2022_0937_CLE_HOU,2022-23,REG,2023-02-26,Sunday,19:30,HOU,125,CLE,125,0,0,
2022_0938_HOU_CLE,2022-23,REG,2023-02-26,Sunday,17:00,CLE,112,HOU,102,-10,0,
2022_0939_LAC_CLE,2022-23,REG,2023-02-26,Sunday,19:30,CLE,117,LAC,97,-20,0,
2022_0940_CLE_LAC,2022-23,REG,2023-02-26,Sunday,19:30,LAC,124,CLE,123,-1,0,
2022_0941_CLE_LAL,2022-23,REG,2023-02-26,Sunday,17:00,LAL,103,CLE,98,-5,0,
2022_0942_LAL_CLE,2022-23,REG,2023-02-26,Sunday,19:30,CLE,96,LAL,118,22,0,
2022_0943_MEM_CLE,2022-23,REG,2023-02-27,Monday,19:00,CLE,118,MEM,100,-18,0,
2022_0944_CLE_MEM,2022-23,REG,2023-02-27,Monday,22:00,MEM,113,CLE,118,5,0,
2022_0945_CLE_MIN,2022-23,REG,2023-02-27,Monday,19:00,MIN,113,CLE,111,-2,1,
2022_0946_MIN_CLE,2022-23,REG,2023-02-27,Monday,19:00,CLE,115,MIN,129,14,0,
2022_0947_NOP_CLE,2022-23,REG,2023-02-27,Monday,22:00,CLE,115,NOP,124,9,0,
2022_0948_CLE_NOP,2022-23,REG,2023-02-27,Monday,22:00,NOP,118,CLE,103,-15,0,
2022_0949_CLE_OKC,2022-23,REG,2023-02-27,Monday,19:00,OKC,108,CLE,119,11,0,
2022_0950_OKC_CLE,2022-23,REG,2023-02-27,Monday,19:00,CLE,111,OKC,126,15,0,
2022_0951_PHX_CLE,2022-23,REG,2023-02-27,Monday,19:00,CLE,130,PHX,112,-18,0,
2022_0952_CLE_PHX,2022-23,REG,2023-02-27,Monday,22:00,PHX,117,CLE,112,-5,0,
2022_0953_CLE_POR,2022-23,REG,2023-02-28,Tuesday,19:00,POR,116,CLE,116,0,0,
2022_0954_POR_CLE,2022-23,REG,2023-02-28,Tuesday,19:30,CLE,119,POR,125,6,0,
2022_0955_SAC_CLE,2022-23,REG,2023-02-28,Tuesday,22:00,CLE,108,SAC,121,13,0,
2022_0956_CLE_SAC,2022-23,REG,2023-02-28,Tuesday,19:30,SAC,116,CLE,110,-6,0,
2022_0957_CLE_SAS,2022-23,REG,2023-02-28,Tuesday,19:30,SAS,106,CLE,112,6,0,
2022_0958_SAS_CLE,2022-23,REG,2023-02-28,Tuesday,19:00,CLE,116,SAS,95,-21,0,
2022_0959_UTA_CLE,2022-23,REG,2023-02-28,Tuesday,19:30,CLE,116,UTA,96,-20,0,
2022_0960_CLE_UTA,2022-23,REG,2023-02-28,Tuesday,19:00,UTA,95,CLE,108,13,0,
2022_0961_DET_DAL,2022-23,REG,2023-03-01,Wednesday,19:00,DAL,105,DET,123,18,0,
2022_0962_DAL_DET,2022-23,REG,2023-03-01,Wednesday,19:00,DET,125,DAL,125,0,0,
2022_0963_DEN_DET,2022-23,REG,2023-03-01,Wednesday,19:30,DET,125,DEN,104,-21,0,
2022_0964_DET_DEN,2022-23,REG,2023-03-01,Wednesday,22:00,DEN,115,DET,119,4,0,
2022_0965_DET_GSW,2022-23,REG,2023-03-01,Wednesday,19:00,GSW,130,DET,127,-3,0,
2022_0966_GSW_DET,2022-23,REG,2023-03-01,Wednesday,19:30,DET,112,GSW,130,18,0,
2022_0967_HOU_DET,2022-23,REG,2023-03-01,Wednesday,19:00,DET,122,HOU,105,-17,0,
2022_0968_DET_HOU,2022-23,REG,2023-03-01,Wednesday,19:30,HOU,96,DET,120,24,0,
2022_0969_DET_LAC,2022-23,REG,2023-03-01,Wednesday,19:30,LAC,121,DET,110,-11,0,
2022_0970_LAC_DET,2022-23,REG,2023-03-02,Thursday,19:00,DET,129,LAC,122,-7,0,
2022_0971_LAL_DET,2022-23,REG,2023-03-02,Thursday,22:00,DET,106,LAL,96,-10,0,
2022_0972_DET_LAL,2022-23,REG,2023-03-02,Thursday,19:00,LAL,122,DET,124,2,0,
2022_0973_DET_MEM,2022-23,REG,2023-03-02,Thursday,22:00,MEM,111,DET,114,3,0,
2022_0974_MEM_DET,2022-23,REG,2023-03-02,Thursday,19:00,DET,107,MEM,113,6,0,
2022_0975_MIN_DET,2022-23,REG,2023-03-02,Thursday,22:00,DET,97,MIN,118,21,0,
2022_0976_DET_MIN,2022-23,REG,2023-03-02,Thursday,19:00,MIN,125,DET,98,-27,0,
2022_0977_DET_NOP,2022-23,REG,2023-03-03,Friday,22:00,NOP,101,DET,120,19,0,
2022_0978_NOP_DET,2022-23,REG,2023-03-03,Friday,22:00,DET,117,NOP,122,5,0,
2022_0979_OKC_DET,2022-23,REG,2023-03-03,Friday,22:00,DET,125,OKC,109,-16,0,
2022_0980_DET_OKC,2022-23,REG,2023-03-03,Friday,19:30,OKC,124,DET,126,2,0,
2022_0981_DET_PHX,2022-23,REG,2023-03-03,Friday,19:30,PHX,103,DET,111,8,0,
2022_0982_PHX_DET,2022-23,REG,2023-03-03,Friday,22:00,DET,126,PHX,112,-14,0,
2022_0983_POR_DET,2022-23,REG,2023-03-03,Friday,19:30,DET,121,POR,101,-20,0,
2022_0984_DET_POR,2022-23,REG,2023-03-03,Friday,19:30,POR,99,DET,113,14,0,
2022_0985_DET_SAC,2022-23,REG,2023-03-03,Friday,22:00,SAC,119,DET,102,-17,0,
2022_0986_SAC_DET,2022-23,REG,2023-03-04,Saturday,22:00,DET,122,SAC,107,-15,0,
2022_0987_SAS_DET,2022-23,REG,2023-03-04,Saturday,19:00,DET,96,SAS,116,20,0,
2022_0988_DET_SAS,2022-23,REG,2023-03-04,Saturday,19:30,SAS,106,DET,125,19,0,
2022_0989_DET_UTA,2022-23,REG,2023-03-04,Saturday,22:00,UTA,106,DET,116,10,0,
2022_0990_UTA_DET,2022-23,REG,2023-03-04,Saturday,19:00,DET,97,UTA,117,20,0,
2022_0991_DAL_IND,2022-23,REG,2023-03-04,Saturday,19:00,IND,119,DAL,101,-18,0,
2022_0992_IND_DAL,2022-23,REG,2023-03-05,Sunday,19:30,DAL,117,IND,99,-18,0,
2022_0993_IND_DEN,2022-23,REG,2023-03-05,Sunday,15:00,DEN,125,IND,122,-3,0,
2022_0994_DEN_IND,2022-23,REG,2023-03-05,Sunday,19:30,IND,127,DEN,125,-2,0,
2022_0995_GSW_IND,2022-23,REG,2023-03-05,Sunday,19:30,IND,125,GSW,98,-27,0,
2022_0996_IND_GSW,2022-23,REG,2023-03-05,Sunday,17:00,GSW,96,IND,97,1,0,
2022_0997_IND_HOU,2022-23,REG,2023-03-06,Monday,19:00,HOU,108,IND,107,-1,0,
2022_0998_HOU_IND,2022-23,REG,2023-03-07,Tuesday,19:00,IND,96,HOU,114,18,0,
2022_0999_LAC_IND,2022-23,REG,2023-03-07,Tuesday,19:00,IND,108,LAC,104,-4,0,
2022_1000_IND_LAC,2022-23,REG,2023-03-07,Tuesday,19:00,LAC,114,IND,125,11,0,
2022_1001_IND_LAL,2022-23,REG,2023-03-07,Tuesday,19:00,LAL,106,IND,109,3,0,
2022_1002_LAL_IND,2022-23,REG,2023-03-07,Tuesday,19:00,IND,106,LAL,122,16,0,
2022_1003_MEM_IND,2022-23,REG,2023-03-07,Tuesday,19:30,IND,113,MEM,112,-1,1,
2022_1004_IND_MEM,2022-23,REG,2023-03-07,Tuesday,22:00,MEM,100,IND,95,-5,0,
2022_1005_IND_MIN,2022-23,REG,2023-03-08,Wednesday,19:00,MIN,117,IND,119,2,0,
2022_1006_MIN_IND,2022-23,REG,2023-03-08,Wednesday,19:30,IND,102,MIN,102,0,0,
2022_1007_NOP_IND,2022-23,REG,2023-03-08,Wednesday,19:00,IND,114,NOP,106,-8,0,
2022_1008_IND_NOP,2022-23,REG,2023-03-08,Wednesday,19:30,NOP,111,IND,121,10,0,
2022_1009_IND_OKC,2022-23,REG,2023-03-08,Wednesday,22:00,OKC,110,IND,97,-13,0,
2022_1010_OKC_IND,2022-23,REG,2023-03-08,Wednesday,22:00,IND,101,OKC,99,-2,0,
2022_1011_PHX_IND,2022-23,REG,2023-03-09,Thursday,19:00,IND,124,PHX,130,6,0,
2022_1012_IND_PHX,2022-23,REG,2023-03-09,Thursday,19:00,PHX,111,IND,101,-10,0,
2022_1013_IND_POR,2022-23,REG,2023-03-09,Thursday,19:00,POR,117,IND,122,5,0,
2022_1014_POR_IND,2022-23,REG,2023-03-09,Thursday,19:00,IND,101,POR,117,16,0,
2022_1015_SAC_IND,2022-23,REG,2023-03-09,Thursday,22:00,IND,104,SAC,100,-4,0,
2022_1016_IND_SAC,2022-23,REG,2023-03-09,Thursday,19:00,SAC,107,IND,96,-11,0,
2022_1017_IND_SAS,2022-23,REG,2023-03-09,Thursday,19:00,SAS,98,IND,109,11,0,
2022_1018_SAS_IND,2022-23,REG,2023-03-10,Friday,19:00,IND,119,SAS,118,-1,0,
2022_1019_UTA_IND,2022-23,REG,2023-03-10,Friday,19:00,IND,111,UTA,122,11,0,
2022_1020_IND_UTA,2022-23,REG,2023-03-10,Friday,19:00,UTA,108,IND,104,-4,0,
2022_1021_MIA_DAL,2022-23,REG,2023-03-10,Friday,22:00,DAL,107,MIA,113,6,0,
2022_1022_DAL_MIA,2022-23,REG,2023-03-10,Friday,22:00,MIA,108,DAL,130,22,0,
2022_1023_DEN_MIA,2022-23,REG,2023-03-10,Friday,19:00,MIA,117,DEN,125,8,0,
2022_1024_MIA_DEN,2022-23,REG,2023-03-10,Friday,22:00,DEN,105,MIA,113,8,0,
2022_1025_MIA_GSW,2022-23,REG,2023-03-11,Saturday,22:00,GSW,127,MIA,128,1,0,
2022_1026_GSW_MIA,2022-23,REG,2023-03-11,Saturday,22:30,MIA,125,GSW,110,-15,0,
2022_1027_HOU_MIA,2022-23,REG,2023-03-11,Saturday,19:30,MIA,110,HOU,125,15,0,
2022_1028_MIA_HOU,2022-23,REG,2023-03-11,Saturday,22:00,HOU,130,MIA,114,-16,0,
2022_1029_MIA_LAC,2022-23,REG,2023-03-11,Saturday,19:00,LAC,98,MIA,115,17,0,
2022_1030_LAC_MIA,2022-23,REG,2023-03-12,Sunday,15:00,MIA,95,LAC,110,15,0,
2022_1031_LAL_MIA,2022-23,REG,2023-03-12,Sunday,17:00,MIA,123,LAL,106,-17,0,
2022_1032_MIA_LAL,2022-23,REG,2023-03-12,Sunday,19:30,LAL,103,MIA,125,22,0,
2022_1033_MIA_MEM,2022-23,REG,2023-03-12,Sunday,19:30,MEM,124,MIA,100,-24,0,
2022_1034_MEM_MIA,2022-23,REG,2023-03-12,Sunday,15:00,MIA,99,MEM,108,9,0,
2022_1035_MIN_MIA,2022-23,REG,2023-03-12,Sunday,17:00,MIA,105,MIN,120,15,0,
2022_1036_MIA_MIN,2022-23,REG,2023-03-12,Sunday,17:00,MIN,97,MIA,117,20,0,
2022_1037_MIA_NOP,2022-23,REG,2023-03-12,Sunday,15:00,NOP,117,MIA,116,-1,0,
2022_1038_NOP_MIA,2022-23,REG,2023-03-12,Sunday,15:00,MIA,123,NOP,122,-1,0,
2022_1039_OKC_MIA,2022-23,REG,2023-03-13,Monday,19:00,MIA,112,OKC,104,-8,0,
2022_1040_MIA_OKC,2022-23,REG,2023-03-13,Monday,19:00,OKC,127,MIA,114,-13,0,
2022_1041_MIA_PHX,2022-23,REG,2023-03-13,Monday,22:00,PHX,124,MIA,110,-14,0,
2022_1042_PHX_MIA,2022-23,REG,2023-03-13,Monday,19:00,MIA,120,PHX,104,-16,0,
2022_1043_POR_MIA,2022-23,REG,2023-03-14,Tuesday,22:00,MIA,124,POR,130,6,0,
2022_1044_MIA_POR,2022-23,REG,2023-03-14,Tuesday,19:00,POR,110,MIA,126,16,0,
2022_1045_MIA_SAC,2022-23,REG,2023-03-14,Tuesday,22:00,SAC,128,MIA,127,-1,0,
2022_1046_SAC_MIA,2022-23,REG,2023-03-14,Tuesday,19:00,MIA,100,SAC,112,12,0,
2022_1047_SAS_MIA,2022-23,REG,2023-03-14,Tuesday,19:30,MIA,128,SAS,105,-23,0,
2022_1048_MIA_SAS,2022-23,REG,2023-03-14,Tuesday,19:30,SAS,123,MIA,122,-1,0,
2022_1049_MIA_UTA,2022-23,REG,2023-03-14,Tuesday,19:00,UTA,125,MIA,126,1,0,
2022_1050_UTA_MIA,2022-23,REG,2023-03-14,Tuesday,19:00,MIA,119,UTA,129,10,0,
2022_1051_DAL_MIL,2022-23,REG,2023-03-14,Tuesday,22:00,MIL,98,DAL,100,2,0,
2022_1052_MIL_DAL,2022-23,REG,2023-03-15,Wednesday,22:00,DAL,119,MIL,123,4,0,
2022_1053_MIL_DEN,2022-23,REG,2023-03-15,Wednesday,19:00,DEN,119,MIL,105,-14,0,
2022_1054_DEN_MIL,2022-23,REG,2023-03-15,Wednesday,22:00,MIL,115,DEN,119,4,0,
2022_1055_GSW_MIL,2022-23,REG,2023-03-15,Wednesday,22:00,MIL,113,GSW,106,-7,0,
2022_1056_MIL_GSW,2022-23,REG,2023-03-15,Wednesday,19:30,GSW,115,MIL,101,-14,0,
2022_1057_MIL_HOU,2022-23,REG,2023-03-15,Wednesday,19:30,HOU,109,MIL,126,17,0,
2022_1058_HOU_MIL,2022-23,REG,2023-03-15,Wednesday,19:00,MIL,127,HOU,99,-28,0,
2022_1059_LAC_MIL,2022-23,REG,2023-03-16,Thursday,22:00,MIL,104,LAC,98,-6,0,
2022_1060_MIL_LAC,2022-23,REG,2023-03-16,Thursday,19:00,LAC,113,MIL,96,-17,0,
2022_1061_MIL_LAL,2022-23,REG,2023-03-16,Thursday,22:00,LAL,111,MIL,96,-15,0,
2022_1062_LAL_MIL,2022-23,REG,2023-03-16,Thursday,19:00,MIL,95,LAL,99,4,0,
2022_1063_MEM_MIL,2022-23,REG,2023-03-16,Thursday,19:00,MIL,101,MEM,124,23,0,
2022_1064_MIL_MEM,2022-23,REG,2023-03-16,Thursday,19:00,MEM,103,MIL,99,-4,0,
2022_1065_MIL_MIN,2022-23,REG,2023-03-16,Thursday,19:00,MIN,110,MIL,112,2,0,
2022_1066_MIN_MIL,2022-23,REG,2023-03-16,Thursday,19:00,MIL,124,MIN,110,-14,0,
2022_1067_NOP_MIL,2022-23,REG,2023-03-16,Thursday,22:00,MIL,106,NOP,98,-8,0,
2022_1068_MIL_NOP,2022-23,REG,2023-03-16,Thursday,22:00,NOP,118,MIL,122,4,0,
2022_1069_MIL_OKC,2022-23,REG,2023-03-16,Thursday,19:00,OKC,128,MIL,123,-5,0,
2022_1070_OKC_MIL,2022-23,REG,2023-03-16,Thursday,19:00,MIL,113,OKC,101,-12,0,
2022_1071_PHX_MIL,2022-23,REG,2023-03-17,Friday,22:00,MIL,109,PHX,120,11,0,
2022_1072_MIL_PHX,2022-23,REG,2023-03-17,Friday,19:00,PHX,115,MIL,117,2,1,
2022_1073_MIL_POR,2022-23,REG,2023-03-17,Friday,22:00,POR,118,MIL,108,-10,0,
2022_1074_POR_MIL,2022-23,REG,2023-03-18,Saturday,22:30,MIL,99,POR,108,9,0,
2022_1075_SAC_MIL,2022-23,REG,2023-03-18,Saturday,22:00,MIL,96,SAC,100,4,0,
2022_1076_MIL_SAC,2022-23,REG,2023-03-18,Saturday,19:30,SAC,115,MIL,102,-13,0,
2022_1077_MIL_SAS,2022-23,REG,2023-03-18,Saturday,19:00,SAS,114,MIL,127,13,0,
2022_1078_SAS_MIL,2022-23,REG,2023-03-19,Sunday,17:00,MIL,120,SAS,118,-2,0,
2022_1079_UTA_MIL,2022-23,REG,2023-03-19,Sunday,19:30,MIL,100,UTA,109,9,0,
2022_1080_MIL_UTA,2022-23,REG,2023-03-19,Sunday,19:30,UTA,125,MIL,109,-16,0,
2022_1081_NYK_DAL,2022-23,REG,2023-03-19,Sunday,17:00,DAL,97,NYK,98,1,0,
2022_1082_DAL_NYK,2022-23,REG,2023-03-19,Sunday,17:00,NYK,124,DAL,99,-25,0,
2022_1083_DEN_NYK,2022-23,REG,2023-03-20,Monday,22:00,NYK,107,DEN,112,5,0,
2022_1084_NYK_DEN,2022-23,REG,2023-03-20,Monday,19:00,DEN,123,NYK,100,-23,0,
2022_1085_NYK_GSW,2022-23,REG,2023-03-20,Monday,22:00,GSW,121,NYK,118,-3,0,
2022_1086_GSW_NYK,2022-23,REG,2023-03-20,Monday,22:00,NYK,109,GSW,126,17,0,
2022_1087_HOU_NYK,2022-23,REG,2023-03-20,Monday,22:00,NYK,106,HOU,95,-11,0,
2022_1088_NYK_HOU,2022-23,REG,2023-03-20,Monday,19:00,HOU,123,NYK,101,-22,0,
2022_1089_NYK_LAC,2022-23,REG,2023-03-20,Monday,22:00,LAC,124,NYK,108,-16,0,
2022_1090_LAC_NYK,2022-23,REG,2023-03-20,Monday,19:00,NYK,110,LAC,108,-2,0,
2022_1091_LAL_NYK,2022-23,REG,2023-03-20,Monday,22:00,NYK,97,LAL,125,28,0,
2022_1092_NYK_LAL,2022-23,REG,2023-03-20,Monday,19:00,LAL,95,NYK,100,5,0,
2022_1093_NYK_MEM,2022-23,REG,2023-03-20,Monday,19:00,MEM,113,NYK,101,-12,0,
2022_1094_MEM_NYK,2022-23,REG,2023-03-20,Monday,22:00,NYK,121,MEM,105,-16,0,
2022_1095_MIN_NYK,2022-23,REG,2023-03-21,Tuesday,19:00,NYK,99,MIN,105,6,0,
2022_1096_NYK_MIN,2022-23,REG,2023-03-21,Tuesday,22:00,MIN,105,NYK,130,25,0,
2022_1097_NYK_NOP,2022-23,REG,2023-03-21,Tuesday,19:00,NOP,111,NYK,105,-6,0,
2022_1098_NOP_NYK,2022-23,REG,2023-03-21,Tuesday,19:00,NYK,95,NOP,95,0,0,
2022_1099_OKC_NYK,2022-23,REG,2023-03-21,Tuesday,22:00,NYK,128,OKC,108,-20,0,
2022_1100_NYK_OKC,2022-23,REG,2023-03-21,Tuesday,19:00,OKC,116,NYK,119,3,0,
2022_1101_NYK_PHX,2022-23,REG,2023-03-21,Tuesday,22:00,PHX,120,NYK,122,2,1,
2022_1102_PHX_NYK,2022-23,REG,2023-03-22,Wednesday,22:00,NYK,100,PHX,115,15,0,
2022_1103_POR_NYK,2022-23,REG,2023-03-22,Wednesday,19:00,NYK,110,POR,112,2,0,
2022_1104_NYK_POR,2022-23,REG,2023-03-22,Wednesday,19:00,POR,112,NYK,97,-15,0,
2022_1105_NYK_SAC,2022-23,REG,2023-03-22,Wednesday,19:00,SAC,100,NYK,125,25,0,
2022_1106_SAC_NYK,2022-23,REG,2023-03-22,Wednesday,19:30,NYK,130,SAC,99,-31,0,
2022_1107_SAS_NYK,2022-23,REG,2023-03-22,Wednesday,19:30,NYK,97,SAS,96,-1,0,
2022_1108_NYK_SAS,2022-23,REG,2023-03-22,Wednesday,22:00,SAS,98,NYK,116,18,0,
2022_1109_NYK_UTA,2022-23,REG,2023-03-22,Wednesday,19:30,UTA,115,NYK,100,-15,0,
2022_1110_UTA_NYK,2022-23,REG,2023-03-22,Wednesday,19:00,NYK,99,UTA,110,11,0,
2022_1111_DAL_ORL,2022-23,REG,2023-03-23,Thursday,19:00,ORL,115,DAL,102,-13,0,
2022_1112_ORL_DAL,2022-23,REG,2023-03-23,Thursday,22:00,DAL,98,ORL,121,23,0,
2022_1113_ORL_DEN,2022-23,REG,2023-03-23,Thursday,22:00,DEN,125,ORL,104,-21,0,
2022_1114_DEN_ORL,2022-23,REG,2023-03-23,Thursday,22:00,ORL,107,DEN,120,13,0,
2022_1115_GSW_ORL,2022-23,REG,2023-03-23,Thursday,22:00,ORL,126,GSW,112,-14,0,
2022_1116_ORL_GSW,2022-23,REG,2023-03-23,Thursday,19:00,GSW,122,ORL,126,4,0,
2022_1117_ORL_HOU,2022-23,REG,2023-03-23,Thursday,22:00,HOU,98,ORL,121,23,0,
2022_1118_HOU_ORL,2022-23,REG,2023-03-24,Friday,19:30,ORL,111,HOU,115,4,0,
2022_1119_LAC_ORL,2022-23,REG,2023-03-24,Friday,19:00,ORL,116,LAC,127,11,0,
2022_1120_ORL_LAC,2022-23,REG,2023-03-24,Friday,19:30,LAC,104,ORL,119,15,0,
2022_1121_ORL_LAL,2022-23,REG,2023-03-24,Friday,19:00,LAL,125,ORL,115,-10,0,
2022_1122_LAL_ORL,2022-23,REG,2023-03-24,Friday,22:00,ORL,95,LAL,117,22,0,
2022_1123_MEM_ORL,2022-23,REG,2023-03-24,Friday,19:00,ORL,105,MEM,112,7,0,
2022_1124_ORL_MEM,2022-23,REG,2023-03-25,Saturday,22:00,MEM,114,ORL,106,-8,0,
2022_1125_ORL_MIN,2022-23,REG,2023-03-25,Saturday,22:30,MIN,111,ORL,120,9,0,
2022_1126_MIN_ORL,2022-23,REG,2023-03-25,Saturday,19:00,ORL,119,MIN,98,-21,0,
2022_1127_NOP_ORL,2022-23,REG,2023-03-25,Saturday,19:30,ORL,127,NOP,111,-16,0,
2022_1128_ORL_NOP,2022-23,REG,2023-03-25,Saturday,19:00,NOP,102,ORL,121,19,0,
2022_1129_ORL_OKC,2022-23,REG,2023-03-25,Saturday,22:00,OKC,116,ORL,126,10,0,
2022_1130_OKC_ORL,2022-23,REG,2023-03-25,Saturday,22:00,ORL,101,OKC,111,10,0,
2022_1131_PHX_ORL,2022-23,REG,2023-03-25,Saturday,19:00,ORL,105,PHX,128,23,0,
2022_1132_ORL_PHX,2022-23,REG,2023-03-25,Saturday,19:30,PHX,126,ORL,126,0,0,
2022_1133_ORL_POR,2022-23,REG,2023-03-25,Saturday,22:30,POR,114,ORL,102,-12,0,
2022_1134_POR_ORL,2022-23,REG,2023-03-26,Sunday,15:00,ORL,130,POR,130,0,0,
2022_1135_SAC_ORL,2022-23,REG,2023-03-26,Sunday,17:00,ORL,119,SAC,101,-18,0,
2022_1136_ORL_SAC,2022-23,REG,2023-03-26,Sunday,15:00,SAC,118,ORL,98,-20,0,
2022_1137_ORL_SAS,2022-23,REG,2023-03-27,Monday,22:00,SAS,96,ORL,130,34,0,
2022_1138_SAS_ORL,2022-23,REG,2023-03-27,Monday,19:00,ORL,126,SAS,99,-27,0,
2022_1139_UTA_ORL,2022-23,REG,2023-03-27,Monday,19:00,ORL,117,UTA,116,-1,0,
2022_1140_ORL_UTA,2022-23,REG,2023-03-27,Monday,19:00,UTA,130,ORL,97,-33,0,
2022_1141_PHI_DAL,2022-23,REG,2023-03-27,Monday,19:00,DAL,120,PHI,105,-15,0,
2022_1142_DAL_PHI,2022-23,REG,2023-03-27,Monday,22:00,PHI,130,DAL,126,-4,0,
2022_1143_DEN_PHI,2022-23,REG,2023-03-27,Monday,19:00,PHI,115,DEN,119,4,0,
2022_1144_PHI_DEN,2022-23,REG,2023-03-28,Tuesday,19:00,DEN,111,PHI,97,-14,0,
2022_1145_PHI_GSW,2022-23,REG,2023-03-28,Tuesday,19:30,GSW,113,PHI,112,-1,1,
2022_1146_GSW_PHI,2022-23,REG,2023-03-28,Tuesday,22:00,PHI,112,GSW,114,2,0,
2022_1147_HOU_PHI,2022-23,REG,2023-03-28,Tuesday,19:00,PHI,104,HOU,111,7,0,
2022_1148_PHI_HOU,2022-23,REG,2023-03-29,Wednesday,22:00,HOU,126,PHI,120,-6,0,
2022_1149_PHI_LAC,2022-23,REG,2023-03-29,Wednesday,19:00,LAC,128,PHI,96,-32,0,
2022_1150_LAC_PHI,2022-23,REG,2023-03-29,Wednesday,19:00,PHI,98,LAC,129,31,0,
2022_1151_LAL_PHI,2022-23,REG,2023-03-29,Wednesday,19:30,PHI,97,LAL,117,20,0,
2022_1152_PHI_LAL,2022-23,REG,2023-03-30,Thursday,19:00,LAL,116,PHI,99,-17,0,
2022_1153_PHI_MEM,2022-23,REG,2023-03-30,Thursday,19:00,MEM,109,PHI,102,-7,0,
2022_1154_MEM_PHI,2022-23,REG,2023-03-30,Thursday,22:00,PHI,127,MEM,123,-4,0,
2022_1155_MIN_PHI,2022-23,REG,2023-03-30,Thursday,22:00,PHI,106,MIN,121,15,0,
2022_1156_PHI_MIN,2022-23,REG,2023-03-30,Thursday,19:00,MIN,127,PHI,121,-6,0,
2022_1157_PHI_NOP,2022-23,REG,2023-03-30,Thursday,22:00,NOP,123,PHI,111,-12,0,
2022_1158_NOP_PHI,2022-23,REG,2023-03-30,Thursday,19:00,PHI,113,NOP,97,-16,0,
2022_1159_OKC_PHI,2022-23,REG,2023-03-31,Friday,19:00,PHI,111,OKC,104,-7,0,
2022_1160_PHI_OKC,2022-23,REG,2023-03-31,Friday,19:30,OKC,121,PHI,99,-22,0,
2022_1161_PHI_PHX,2022-23,REG,2023-03-31,Friday,22:00,PHX,102,PHI,127,25,0,
2022_1162_PHX_PHI,2022-23,REG,2023-03-31,Friday,22:00,PHI,104,PHX,113,9,0,
2022_1163_POR_PHI,2022-23,REG,2023-03-31,Friday,22:00,PHI,123,POR,95,-28,0,
2022_1164_PHI_POR,2022-23,REG,2023-03-31,Friday,22:00,POR,129,PHI,119,-10,0,
2022_1165_PHI_SAC,2022-23,REG,2023-04-01,Saturday,19:00,SAC,123,PHI,100,-23,0,
2022_1166_SAC_PHI,2022-23,REG,2023-04-01,Saturday,19:00,PHI,97,SAC,95,-2,0,
2022_1167_SAS_PHI,2022-23,REG,2023-04-01,Saturday,22:30,PHI,111,SAS,99,-12,0,
2022_1168_PHI_SAS,2022-23,REG,2023-04-01,Saturday,19:00,SAS,122,PHI,109,-13,0,
2022_1169_PHI_UTA,2022-23,REG,2023-04-01,Saturday,19:00,UTA,125,PHI,118,-7,0,
2022_1170_UTA_PHI,2022-23,REG,2023-04-01,Saturday,22:00,PHI,109,UTA,104,-5,0,
2022_1171_DAL_TOR,2022-23,REG,2023-04-01,Saturday,22:00,TOR,120,DAL,124,4,0,
2022_1172_TOR_DAL,2022-23,REG,2023-04-01,Saturday,22:30,DAL,101,TOR,121,20,0,
2022_1173_TOR_DEN,2022-23,REG,2023-04-01,Saturday,19:00,DEN,115,TOR,98,-17,0,
2022_1174_DEN_TOR,2022-23,REG,2023-04-01,Saturday,22:30,TOR,102,DEN,111,9,0,
2022_1175_GSW_TOR,2022-23,REG,2023-04-01,Saturday,22:00,TOR,100,GSW,124,24,0,
2022_1176_TOR_GSW,2022-23,REG,2023-04-02,Sunday,19:30,GSW,97,TOR,115,18,0,
2022_1177_TOR_HOU,2022-23,REG,2023-04-02,Sunday,19:30,HOU,126,TOR,96,-30,0,
2022_1178_HOU_TOR,2022-23,REG,2023-04-02,Sunday,17:00,TOR,95,HOU,122,27,0,
2022_1179_LAC_TOR,2022-23,REG,2023-04-02,Sunday,17:00,TOR,124,LAC,100,-24,0,
2022_1180_TOR_LAC,2022-23,REG,2023-04-02,Sunday,17:00,LAC,102,TOR,117,15,0,
2022_1181_TOR_LAL,2022-23,REG,2023-04-02,Sunday,15:00,LAL,95,TOR,129,34,0,
2022_1182_LAL_TOR,2022-23,REG,2023-04-02,Sunday,19:30,TOR,123,LAL,95,-28,0,
2022_1183_MEM_TOR,2022-23,REG,2023-04-02,Sunday,19:30,TOR,130,MEM,125,-5,0,
2022_1184_TOR_MEM,2022-23,REG,2023-04-02,Sunday,19:30,MEM,106,TOR,111,5,0,
2022_1185_TOR_MIN,2022-23,REG,2023-04-03,Monday,19:00,MIN,113,TOR,127,14,0,
2022_1186_MIN_TOR,2022-23,REG,2023-04-03,Monday,19:00,TOR,118,MIN,118,0,0,
2022_1187_NOP_TOR,2022-23,REG,2023-04-03,Monday,19:00,TOR,128,NOP,101,-27,0,
2022_1188_TOR_NOP,2022-23,REG,2023-04-03,Monday,19:00,NOP,125,TOR,122,-3,0,
2022_1189_TOR_OKC,2022-23,REG,2023-04-03,Monday,19:00,OKC,122,TOR,97,-25,0,
2022_1190_OKC_TOR,2022-23,REG,2023-04-03,Monday,19:00,TOR,126,OKC,122,-4,0,
2022_1191_PHX_TOR,2022-23,REG,2023-04-03,Monday,19:00,TOR,100,PHX,103,3,0,
2022_1192_TOR_PHX,2022-23,REG,2023-04-03,Monday,19:00,PHX,106,TOR,105,-1,0,
2022_1193_TOR_POR,2022-23,REG,2023-04-04,Tuesday,19:30,POR,114,TOR,109,-5,0,
2022_1194_POR_TOR,2022-23,REG,2023-04-04,Tuesday,22:00,TOR,111,POR,102,-9,0,
2022_1195_SAC_TOR,2022-23,REG,2023-04-04,Tuesday,19:00,TOR,95,SAC,108,13,0,
2022_1196_TOR_SAC,2022-23,REG,2023-04-04,Tuesday,22:00,SAC,102,TOR,104,2,0,
2022_1197_TOR_SAS,2022-23,REG,2023-04-05,Wednesday,19:30,SAS,106,TOR,123,17,0,
2022_1198_SAS_TOR,2022-23,REG,2023-04-05,Wednesday,22:00,TOR,126,SAS,118,-8,0,
2022_1199_UTA_TOR,2022-23,REG,2023-04-05,Wednesday,19:00,TOR,109,UTA,129,20,0,
2022_1200_TOR_UTA,2022-23,REG,2023-04-05,Wednesday,22:00,UTA,122,TOR,107,-15,0,
2022_1201_WAS_DAL,2022-23,REG,2023-04-05,Wednesday,22:00,DAL,112,WAS,124,12,0,
2022_1202_DAL_WAS,2022-23,REG,2023-04-05,Wednesday,19:00,WAS,128,DAL,98,-30,0,
2022_1203_DEN_WAS,2022-23,REG,2023-04-06,Thursday,22:00,WAS,105,DEN,101,-4,0,
2022_1204_WAS_DEN,2022-23,REG,2023-04-07,Friday,19:00,DEN,117,WAS,97,-20,0,
2022_1205_WAS_GSW,2022-23,REG,2023-04-07,Friday,22:00,GSW,113,WAS,112,-1,0,
2022_1206_GSW_WAS,2022-23,REG,2023-04-07,Friday,19:30,WAS,129,GSW,120,-9,0,
2022_1207_HOU_WAS,2022-23,REG,2023-04-07,Friday,19:00,WAS,96,HOU,129,33,0,
2022_1208_WAS_HOU,2022-23,REG,2023-04-07,Friday,19:00,HOU,106,WAS,100,-6,0,
2022_1209_WAS_LAC,2022-23,REG,2023-04-07,Friday,19:00,LAC,116,WAS,105,-11,0,
2022_1210_LAC_WAS,2022-23,REG,2023-04-07,Friday,22:00,WAS,103,LAC,120,17,0,
2022_1211_LAL_WAS,2022-23,REG,2023-04-07,Friday,22:00,WAS,129,LAL,98,-31,0,
2022_1212_WAS_LAL,2022-23,REG,2023-04-07,Friday,19:00,LAL,121,WAS,108,-13,0,
2022_1213_WAS_MEM,2022-23,REG,2023-04-07,Friday,19:00,MEM,95,WAS,101,6,0,
2022_1214_MEM_WAS,2022-23,REG,2023-04-08,Saturday,19:30,WAS,129,MEM,130,1,1,
2022_1215_MIN_WAS,2022-23,REG,2023-04-08,Saturday,19:00,WAS,126,MIN,117,-9,0,
2022_1216_WAS_MIN,2022-23,REG,2023-04-08,Saturday,22:00,MIN,99,WAS,97,-2,0,
2022_1217_WAS_NOP,2022-23,REG,2023-04-08,Saturday,19:30,NOP,98,WAS,105,7,0,
2022_1218_NOP_WAS,2022-23,REG,2023-04-08,Saturday,19:00,WAS,110,NOP,120,10,0,
2022_1219_OKC_WAS,2022-23,REG,2023-04-08,Saturday,19:00,WAS,98,OKC,124,26,0,
2022_1220_WAS_OKC,2022-23,REG,2023-04-08,Saturday,22:00,OKC,118,WAS,109,-9,0,
2022_1221_WAS_PHX,2022-23,REG,2023-04-08,Saturday,22:30,PHX,117,WAS,116,-1,0,
2022_1222_PHX_WAS,2022-23,REG,2023-04-08,Saturday,19:00,WAS,115,PHX,101,-14,0,
2022_1223_POR_WAS,2022-23,REG,2023-04-08,Saturday,19:30,WAS,120,POR,102,-18,0,
2022_1224_WAS_POR,2022-23,REG,2023-04-09,Sunday,17:00,POR,119,WAS,123,4,0,
2022_1225_WAS_SAC,2022-23,REG,2023-04-09,Sunday,19:30,SAC,122,WAS,99,-23,0,
2022_1226_SAC_WAS,2022-23,REG,2023-04-09,Sunday,19:30,WAS,104,SAC,121,17,0,
2022_1227_SAS_WAS,2022-23,REG,2023-04-09,Sunday,19:30,WAS,117,SAS,120,3,0,
2022_1228_WAS_SAS,2022-23,REG,2023-04-09,Sunday,17:00,SAS,107,WAS,120,13,0,
2022_1229_WAS_UTA,2022-23,REG,2023-04-09,Sunday,15:00,UTA,98,WAS,119,21,0,
2022_1230_UTA_WAS,2022-23,REG,2023-04-09,Sunday,17:00,WAS,118,UTA,103,-15,0,
